Workbook

Sheet الاليات
A2: ت | B2: نوع الاليه | C2: رقمها | D2: الموديل | E2: المالك | F2: صلاحية السنوية | G2: تنبية صلاحية | H2: الموقع | I2: اسم السائق | J2: اخر عداد / ملاحظات | K2: المبلغ دينار | L2: المبلغ $
A3: المكتب الرئيسي بغداد / المنصور | G3: 46177
A4: 1 | B4: هونداي توسان ستيشن | C4: 88707 هـ بغداد | D4: 2018 | E4: شركة القبس للمقاولات | F4: =DATE(2028,7,18) -> 46952 | G4: =IF(F4<NOW(),"تنبية","") | H4: المقر | I4: خالد ياسين | J4: ='توسان 88707'!I5 -> 126000 | K4: ='توسان 88707'!F98 -> 2202500 | L4: ='توسان 88707'!G98 -> 0
A5: 2 | B5: تويوتا بيك اب | C5: 11 A 71993 | D5: 2019 | E5: شركة القبس للمقاولات | F5: 47406 | H5: المقر | I5: أبو مروان | J5: =' 11 A 71993 تويوتا بيك اب'!I5 -> 81700 | K5: =' 11 A 71993 تويوتا بيك اب'!F51 -> 2638000 | L5: =' 11 A 71993 تويوتا بيك اب'!G51 -> 0
A6: 3 | B6: شوفرليت تاهو | C6: 11 W 8011 | D6: 2021 | E6: خالد علي | F6: =DATE(2030,7,25) -> 47689 | G6: =IF(F6<NOW(),"تنبية","") | H6: المقر | I6: الإدارة | J6: ='11 W 8011 تاهو'!I5 -> 0 | K6: ='11 W 8011 تاهو'!F35 -> 6548500 | L6: ='11 W 8011 تاهو'!G35 -> 1440
A7: 4 | B7: تويوتا برادو | C7: 11733 د بغداد | D7: 2009 | E7: شركة القبس للمقاولات | F7: =DATE(2027,11,22) -> 46713 | G7: =IF(F7<NOW(),"تنبية","") | H7: المقر | I7: الإدارة | J7: 178000 | K7: ='برادو 2009'!F43 -> 4888250 | L7: ='2022 البرادو '!G54 -> 0
A8: 5 | B8: تويوتا برادو ستيشن | C8: 52164 ن بغداد | D8: 2022 | E8: تركي علي صالح | F8: =DATE(2026,11,3) -> 46329 | G8: =IF(F8<NOW(),"تنبية","") | H8: المقر | I8: الإدارة | J8: 28000 | K8: ='2022 البرادو '!F54 -> 2727000 | L8: ='برادو 2009'!G43 -> 0
A9: 6 | B9: جيب جراند شيروكي | C9: 11 L 41113 | D9: 2024 | E9: تركي علي صالح | F9: =DATE(2029,11,4) -> 47426 | G9: =IF(F9<NOW(),"تنبية","") | H9: المقر | I9: الإدارة | J9: ='جيب شيروكي '!I5 -> 12200 | K9: ='جيب شيروكي '!F36 -> 1126000 | L9: ='جيب شيروكي '!G36 -> 1700
A10: 7 | B10: تويوتا راف فور | C10: 11 Q 51965 | D10: 2024 | E10: شركة القبس للمقاولات | F10: =DATE(2027,11,3) -> 46694 | G10: =IF(F10<NOW(),"تنبية","") | H10: المقر | I10: الإدارة | J10: ='راف فور'!I5 -> 20000 | K10: ='راف فور'!F36 -> 667500 | L10: ='راف فور'!G36 -> 0
A11: البيكبات الحمل
A12: =A10+1 -> 8 | B12: تويوتا هايلوكس - بيك اب | C12: 28332 أ بغداد | D12: 2013 | E12: شركة سمو بغداد | F12: =DATE(2027,10,0) -> 46660 | G12: =IF(F12<NOW(),"تنبية","") | H12: خان ضاري | I12: م بكر | K12: ='تويوتا بكب 28332'!F55 -> 4612750 | L12: ='تويوتا بكب 28332'!G55 -> 0
A13: =A12+1 -> 9 | B13: تويوتا هايلوكس - بيك اب | C13: 88646 و بغداد | D13: 2012 | E13: شركة القبس للمقاولات | F13: =DATE(2028,6,5) -> 46909 | G13: =IF(F13<NOW(),"تنبية","") | H13: المقر | I13: مروان مصطفى | K13: ='تويوتا بكب 88646'!F36 -> 2036000 | L13: ='تويوتا بكب 88646'!G36 -> 150
A14: =A13+1 -> 10 | B14: تويوتا هايلوكس - بيك اب | C14: 71711 أ بغداد | D14: 2013 | E14: شركة سمو بغداد | F14: =DATE(2027,11,2) -> 46693 | G14: =IF(F14<NOW(),"تنبية","") | H14: جلولاء | I14: حسام | K14: ='تويوتا بكب 71711'!F34 -> 795000 | L14: ='تويوتا بكب 71711'!G34 -> 0
A15: =A14+1 -> 11 | B15: تويوتا هايلوكس - بيك اب | C15: 9364 أ بصرة | D15: 2011 | E15: شركة القبس للمقاولات | F15: =DATE(2029,10,6) -> 47397 | G15: =IF(F15<NOW(),"تنبية","") | H15: المقر | K15: ='تويوتا بكب 9364'!F37 -> 7574750 | L15: ='تويوتا بكب 9364'!G37 -> 0
A16: =A15+1 -> 12 | B16: تويوتا هايلوكس - بيك اب | C16: 11 H 38020 | D16: 2008 | E16: شركة القبس للمقاولات | F16: =DATE(2027,4,19) -> 46496 | G16: =IF(F16<NOW(),"تنبية","") | H16: خان ضاري | K16: ='تويوتا بكب 38020'!F36 -> 3316000 | L16: ='تويوتا بكب 38020'!G36 -> 0
A17: =A16+1 -> 13 | B17: تويوتا هايلوكس 4 سلندر - بيك اب | C17: 11 H 68461 | D17: 2025 | E17: شركة القبس للمقاولات | F17: =DATE(2029,12,12) -> 47464 | G17: =IF(F17<NOW(),"تنبية","") | H17: المقر | I17: ياسر طالب | K17: ='H 68461 تويوتا بكب'!F100 -> 0 | L17: ='H 68461 تويوتا بكب'!G100 -> 0
A18: =A17+1 -> 14 | B18: تويوتا هايلوكس 6 سلندر - بيك اب | C18: 11 H 83043 | D18: 2025 | E18: خالد علي | F18: =DATE(2029,12,21) -> 47473 | G18: =IF(F18<NOW(),"تنبية","") | H18: المقر | I18: علي غازي | K18: ='H 83043 تويوتا بكب '!F110 -> 1618320 | L18: ='H 83043 تويوتا بكب '!G110 -> 220
A19: =A18+1 -> 15 | B19: تويوتا هايلوكس - بيك اب | C19: 11 F 46601 | D19: 2025 | E19: شركة القبس للمقاولات | F19: 47717 | G19: =IF(F19<NOW(),"تنبية","") | H19: جلولاء | I19: مهندس سعد | K19: ='2025 تويوتا بكب (2)'!F100 -> 0 | L19: ='2025 تويوتا بكب (2)'!G100 -> 0
A20: =A19+1 -> 16 | B20: تويوتا هايلوكس - بيك اب | C20: 11 F 46605 | D20: 2025 | E20: شركة القبس للمقاولات | F20: 47718 | G20: =IF(F20<NOW(),"تنبية","") | H20: المقر | I20: م. عبد المهيمن | K20: ='2025 تويوتا بكب (3)'!F100 -> 0 | L20: ='2025 تويوتا بكب (3)'!G100 -> 0
A21: =A20+1 -> 17 | B21: تويوتا هايلوكس - بيك اب | C21: 11 F 46602 | D21: 2025 | E21: شركة القبس للمقاولات | F21: 47719 | G21: =IF(F21<NOW(),"تنبية","") | H21: الدورة | K21: ='2025 تويوتا بكب (4) '!F100 -> 0 | L21: ='2025 تويوتا بكب (4) '!G100 -> 0
A22: =A21+1 -> 18 | B22: تويوتا هايلوكس - بيك اب | C22: 49923 أ بغداد | D22: 2009 | E22: شركة القبس للمقاولات | F22: =DATE(2027,3,6) -> 46452 | G22: =IF(F22<NOW(),"تنبية","") | H22: خان ضاري | I22: م منذر | K22: ='تويوتا بكب 49923'!F39 -> 3591000 | L22: ='تويوتا بكب 49923'!G39 -> 0
A23: البيكبات /كيا
A24: =A22+1 -> 19 | B24: كيا دبل قمارة | C24: 11 H 87740 | D24: 2019 | E24: شركة القبس للمقاولات | F24: =DATE(2029,6,11) -> 47280 | G24: =IF(F24<NOW(),"تنبية","") | H24: خان ضاري | K24: ='كيا 87740'!F24 -> 4419000 | L24: ='كيا 87740'!G24 -> 0
A25: =A24+1 -> 20 | B25: كيا قمارة | C25: 84103 هـ بغداد | D25: 2019 | E25: شركة القبس للمقاولات | F25: =DATE(2029,6,9) -> 47278 | G25: =IF(F25<NOW(),"تنبية","") | H25: خان ضاري | K25: ='كيا 84103'!F67 -> 5445500 | L25: ='كيا 84103'!G67 -> 0
A26: =A25+1 -> 21 | B26: كيا دبل قمارة | C26: 87065 ك بغداد | D26: 2013 | E26: شركة القبس للمقاولات | F26: =DATE(2028,10,28) -> 47054 | G26: =IF(F26<NOW(),"تنبية","") | H26: خان ضاري | K26: ='كيا 87065'!F79 -> 8010000 | L26: ='كيا 87065'!G79 -> 0
A27: =A26+1 -> 22 | B27: كيا دبل قمارة | C27: 68783 أ بغداد | D27: 2013 | E27: شركة سمو بغداد | F27: =DATE(2027,10,29) -> 46689 | G27: =IF(F27<NOW(),"تنبية","") | H27: جلولاء | K27: ='كيا 68783 '!F49 -> 2082000 | L27: ='كيا 68783 '!G49 -> 780
A28: =A27+1 -> 23 | B28: كيا قمارة | C28: 80540 و بغداد | D28: 2012 | E28: شركة القبس للمقاولات | F28: =DATE(2027,6,11) -> 46549 | G28: =IF(F28<NOW(),"تنبية","") | H28: جلولاء | K28: ='كيا 80540'!F48 -> 5632000 | L28: ='كيا 80540'!G48 -> 0
A29: =A28+1 -> 24 | B29: كيا دبل قمارة | C29: 4462 أ بغداد | D29: 2009 | E29: شركة القبس للمقاولات | F29: =DATE(2028,3,6) -> 46818 | G29: =IF(F29<NOW(),"تنبية","") | H29: خان ضاري | K29: ='كيا 4462'!F115 -> 5207000 | L29: ='كيا 4462'!G115 -> 0
A30: =A29+1 -> 25 | B30: كيا دبل قمارة | C30: 41711 ط بغداد | D30: 2019 | E30: شركة القبس للمقاولات | F30: =DATE(2029,6,9) -> 47278 | G30: =IF(F30<NOW(),"تنبية","") | H30: خان ضاري | K30: ='كيا 41711'!F47 -> 3232500 | L30: ='كيا 41711'!G47 -> 0
A31: =A30+1 -> 26 | B31: كيا دبل قمارة | C31: 46696 هـ بغداد | D31: 2013 | E31: شركة القبس للمقاولات | F31: =DATE(2028,8,14) -> 46979 | G31: =IF(F31<NOW(),"تنبية","") | H31: جلولاء | K31: ='كيا 46696'!F41 -> 4711000 | L31: ='كيا 46696'!G41 -> 187
A32: =A31+1 -> 27 | B32: كيا دبل قمارة | C32: 11 M 99237 | D32: 2024 | E32: شركة القبس للمقاولات | F32: =DATE(2029,12,25) -> 47477 | G32: =IF(F32<NOW(),"تنبية","") | H32: خان ضاري | K32: ='كيا 99237 '!F16 -> 70000 | L32: ='كيا 99237 '!G16 -> 0
A33: =A32+1 -> 28 | B33: مسيوبيشي كنتر بيك اب | C33: 94707 هـ بغداد | D33: 2020 | E33: شركة القبس للمقاولات | F33: 47792 | G33: =IF(F33<NOW(),"تنبية","") | H33: أبو غريب | K33: ='كنتر بيك اب 94707'!F33 -> 635000 | L33: ='كنتر بيك اب 94707'!G33 -> 340
A34: الخباطات
A35: =A33+1 -> 29 | B35: خباطة كونكريت -سكانيا | C35: 11 H 50955 | D35: 2004 | E35: شركة القبس للمقاولات | F35: 47332 | G35: =IF(F35<NOW(),"تنبية","") | H35: خان ضاري | K35: ='خباطة 50955'!F34 -> 6800000 | L35: ='خباطة 50955'!G34 -> 700
A36: =A35+1 -> 30 | B36: خباطة كونكريت - مان | C36: 94900 ط بغداد | D36: 2007 | E36: شركة القبس للمقاولات | F36: 45247 | G36: =IF(F36<NOW(),"تنبية","") -> تنبية | H36: خان ضاري | K36: ='خباطة 94900'!F56 -> 9772000 | L36: ='خباطة 94900'!G56 -> 350
A37: =A36+1 -> 31 | B37: خباطة كونكريت - مان | C37: 53389 ك بغداد | D37: 2006 | E37: شركة القبس للمقاولات | F37: 47078 | G37: =IF(F37<NOW(),"تنبية","") | H37: خان ضاري | K37: ='خباطة 53389'!F35 -> 4627000 | L37: ='خباطة 53389'!G35 -> 750
A38: =A37+1 -> 32 | B38: خباطة كونكريت - مان | C38: 29500 ك بغداد | D38: 2007 | E38: شركة القبس للمقاولات | F38: 47078 | G38: =IF(F38<NOW(),"تنبية","") | H38: جلولاء | K38: ='خباطة 29501'!F32 -> 3444750 | L38: ='خباطة 29501'!G32 -> 250
A39: =A38+1 -> 33 | B39: خباطة كونكريت -سكانيا | C39: 60035 ن بغداد | D39: 2006 | E39: شركة القبس للمقاولات | F39: 47072 | G39: =IF(F39<NOW(),"تنبية","") | H39: أبو غريب | K39: ='خباطة 60036'!F28 -> 10599000 | L39: ='خباطة 60036'!G28 -> 0
A40: =A39+1 -> 34 | B40: خباطة كونريت - مارسيدس | C40: 10976 سليمانية | D40: 2017 | E40: خالد علي | F40: 46760 | G40: =IF(F40<NOW(),"تنبية","") | H40: الدورة | K40: ='خباطة 10976'!F31 -> 2048500 | L40: ='خباطة 10976'!G31 -> 0
A41: =A40+1 -> 35 | B41: خباطة كونريت - مارسيدس | C41: C 24000 | D41: 2019 | E41: خالد علي | F41: 47508 | G41: =IF(F41<NOW(),"تنبية","") | H41: جلولاء | K41: =' C 24000- خباطة'!F98 -> 1730000 | L41: =' C 24000- خباطة'!G98 -> 250
A42: =A41+1 -> 36 | B42: خباطة كونريت - مارسيدس | C42: C 24135 | D42: 2018 | E42: خالد علي | F42: 47510 | G42: =IF(F42<NOW(),"تنبية","") | H42: جلولاء | K42: ='C 24135- خباطة '!F98 -> 1730000 | L42: ='C 24135- خباطة '!G98 -> 250
A43: =A42+1 -> 37 | B43: خباطة كونريت - مارسيدس | C43: C 24283 | D43: 2018 | E43: خالد علي | F43: 47508 | G43: =IF(F43<NOW(),"تنبية","") | H43: جلولاء | K43: ='C 24283 - خباطة '!F98 -> 1730000 | L43: ='C 24283 - خباطة '!G98 -> 250
A44: الحفارات | L44: ='خباطة 10976'!G31 -> 0
A45: =A43+1 -> 38 | B45: حفارة كوماتسو 290 | C45: 9315 سليمانية | D45: 2015 | E45: خالد علي | F45: 45990 | G45: =IF(F45<NOW(),"تنبية","") -> تنبية | H45: خان ضاري | K45: =حفار9315!F28 -> 7735000 | L45: =حفار9315!G28 -> 0
A46: =A45+1 -> 39 | B46: حفار JCB زنجيل | C46: 6943 سليمانية | D46: 2015 | E46: خالد علي | F46: 46292 | G46: =IF(F46<NOW(),"تنبية","") | H46: أبو غريب | K46: ='حفار 6943 '!F35 -> 2035000 | L46: ='حفار 6943 '!G35 -> 0
A47: =A46+1 -> 40 | B47: حفارة هياتشي 210 | C47: 9499 سليمانية | D47: 2010 | E47: خالد علي | F47: 45863 | G47: =IF(F47<NOW(),"تنبية","") -> تنبية | H47: جلولاء | K47: =حفار9499!F35 -> 3805000 | L47: =حفار9499!G35 -> 1390
A48: =A47+1 -> 41 | B48: حفارة هيتاشي 85 | C48: 10967 سليمانية | D48: 2009 | E48: خالد علي | F48: 46798 | G48: =IF(F48<NOW(),"تنبية","") | H48: جلولاء | K48: ='10967 حفارة '!F36 -> 1120000 | L48: ='10967 حفارة '!G36 -> 500
A49: =A48+1 -> 42 | B49: حفارة هياشي 350 | C49: 9540 سليمانية | D49: 2008 | E49: خالد علي | F49: 45816 | G49: =IF(F49<NOW(),"تنبية","") -> تنبية | H49: خان ضاري | K49: =حفار9540!F48 -> 13922000 | L49: =حفار9540!G48 -> 1000
A50: =A49+1 -> 43 | B50: حفارة كوماتسو- 27pc صغيره | C50: 8623 أ بصرة | D50: 2007 | E50: شركة القبس للمقاولات | F50: 44611 | G50: =IF(F50<NOW(),"تنبية","") -> تنبية | H50: الدورة | K50: ='حفارة 8623'!F35 -> 0 | L50: ='حفارة 8623'!G35 -> 0
A51: =A50+1 -> 44 | B51: حفارة زنجيل - هيتاشي 80 | C51: 9797 سليمانية | D51: 2006 | E51: خالد علي | F51: 46074 | G51: =IF(F51<NOW(),"تنبية","") -> تنبية | H51: جلولاء | K51: ='حفارة 9797'!F31 -> 2460000 | L51: ='حفارة 9797'!G31 -> 0
A52: =A51+1 -> 45 | B52: حفارة فولفو 58 | C52: 9726 أ بصرة | D52: 2005 | E52: شركة القبس للمقاولات | F52: 46707 | G52: =IF(F52<NOW(),"تنبية","") | H52: خان ضاري | K52: ='حفارة 9726'!F32 -> 615000 | L52: ='حفارة 9726'!G32 -> 0
A53: =A52+1 -> 46 | B53: حفارة هيتاشي 330 | C53: 8305 أربيل | D53: 2004 | E53: وليد خالد | F53: 46799 | G53: =IF(F53<NOW(),"تنبية","") | H53: جلولاء | K53: =حفار8305!F28 -> 16570000 | L53: =حفار8305!G28 -> 2910
A54: =A53+1 -> 47 | B54: حفارة كوماتسو 210 | C54: 58180 ط بغداد | D54: 2001 | E54: شركة القبس للمقاولات | F54: 46739 | G54: =IF(F54<NOW(),"تنبية","") | H54: الدورة | K54: ='حفارة 58180'!F27 -> 4500000 | L54: ='حفارة 58180'!G27 -> 0
A55: =A54+1 -> 48 | B55: حفاره كوماتسو 240 | C55: 24006 و بغداد | D55: 2000 | E55: شركة القبس للمقاولات | F55: 45363 | G55: =IF(F55<NOW(),"تنبية","") -> تنبية | H55: جلولاء | K55: =حفارر24006!F26 -> 3165000 | L55: =حفارر24006!G26 -> 0
A56: =A55+1 -> 49 | B56: حفارة هيتاشى 200 | C56: 58178 ط بغداد | D56: 1996 | E56: شركة القبس للمقاولات | F56: 46480 | G56: =IF(F56<NOW(),"تنبية","") | H56: جلولاء | K56: ='حفارر 58178'!F37 -> 5597000 | L56: ='حفارر 58178'!G37 -> 0
A57: الشفلات
A58: =A56+1 -> 50 | B58: شفل بوب كات S450 | C58: 9595 سليمانية | D58: 2014 | E58: خالد علي | F58: 45926 | G58: =IF(F58<NOW(),"تنبية","") -> تنبية | H58: خان ضاري | K58: =شفل9595!F29 -> 2007000 | L58: =شفل9595!G29 -> 335
A59: =A58+1 -> 51 | B59: شفل كاوساكي 85 | C59: 8664 سليمانية | D59: 2010 | E59: هيثم قاسم | F59: 45473 | G59: =IF(F59<NOW(),"تنبية","") -> تنبية | H59: الدورة | K59: =شفل8664!F32 -> 250000 | L59: =شفل8664!G32 -> 0
A60: =A59+1 -> 52 | B60: شفل بوب كات | C60: 21-6010 سليمانية | D60: 2007 | E60: خالد علي | F60: 19/3/2028 | G60: =IF(F60<NOW(),"تنبية","") | H60: خان ضاري | K60: =شفل6010!F34 -> 3805000 | L60: =شفل6010!G34 -> 0
A61: =A60+1 -> 53 | B61: شفل جي سي بي | C61: 8624 أ بصرة | D61: 2007 | E61: شركة القبس للمقاولات | F61: 44611 | G61: =IF(F61<NOW(),"تنبية","") -> تنبية | H61: الدورة | J61: عاطل | K61: ='شفل 8624'!F36 -> 328000 | L61: ='شفل 8624'!G36 -> 0
A62: =A61+1 -> 54 | B62: شفل كاوساكي 90z | C62: 77701 ط بغداد | D62: 2006 | E62: شركة القبس للمقاولات | F62: 47119 | G62: =IF(F62<NOW(),"تنبية","") | H62: خان ضاري | K62: =شفل77701!F60 -> 17326000 | L62: =شفل77701!G60 -> 6065
A63: =A62+1 -> 55 | B63: شفل كاوساكي 85z | C63: 2493 أ بابل | D63: 2004 | E63: شركة القبس للمقاولات | F63: 46833 | G63: =IF(F63<NOW(),"تنبية","") | H63: جلولاء | K63: =شفل2493!F52 -> 12596000 | L63: =شفل2493!G52 -> 4600
A64: =A63+1 -> 56 | B64: شفل كاوسكي 60Z | C64: 57943 ط بغداد | D64: 2002 | E64: شركة القبس للمقاولات | F64: 46720 | G64: =IF(F64<NOW(),"تنبية","") | H64: جلولاء | K64: =شفل57943!F25 -> 4488000 | L64: =شفل57943!G25 -> 2401
A65: =A64+1 -> 57 | B65: شفل جرافة كتربلر | C65: 50915 | D65: 2001 | E65: شركة سمو بغداد | F65: 46707 | G65: =IF(F65<NOW(),"تنبية","") | H65: مخزن الدورة | K65: ='شفل 50915 '!F98 -> 210000 | L65: ='شفل 50915 '!G98 -> 0
A66: =A65+1 -> 58 | B66: شفل كاوسكي 70Z | C66: 57946 ط بغداد | D66: 2001 | E66: شركة القبس للمقاولات | F66: 46762 | G66: =IF(F66<NOW(),"تنبية","") | H66: خان ضاري | K66: =شفل57946!F49 -> 12551500 | L66: =شفل57946!G49 -> 775
A67: =A66+1 -> 59 | B67: شفل كاوساكي 80 | C67: 22745 أ انبار | D67: 1985 | E67: شركة القبس للمقاولات | F67: 47100 | G67: =IF(F67<NOW(),"تنبية","") | H67: جلولاء | K67: =شفل22745!F60 -> 9356000 | L67: =شفل22745!G60 -> 1680
A68: =A67+1 -> 60 | B68: شفل جي سي بي | C68: 8627 أ بصرة | D68: 2006 | E68: شركة القبس للمقاولات | F68: 44611 | G68: =IF(F68<NOW(),"تنبية","") -> تنبية | H68: جلولاء | K68: ='جي سي بي 8627'!F37 -> 16000 | L68: ='جي سي بي 8627'!G37 -> 0
A69: =A68+1 -> 61 | B69: شفل كاواساكي 50Z | C69: 96004 ف بغداد | D69: 2012 | E69: - | G69: =IF(F69<NOW(),"تنبية","") -> تنبية | H69: أبو غريب | K69: ='96004 شفل '!F35 -> 0 | L69: ='96004 شفل '!G35 -> 0
A70: =A69+1 -> 62 | B70: شفل | C70: 35862 - N | D70: 2024 | E70: شركة القبس للمقاولات | F70: 47857 | G70: =IF(F70<NOW(),"تنبية","") | H70: جلولاء
A71: =A70+1 -> 63 | B71: شفل بوب كات | C71: C8365 | D71: 2018 | E71: خالد علي | F71: 47713 | G71: =IF(F71<NOW(),"تنبية","") | H71: جلولاء | K71: ='C8365'!F98 -> 0 | L71: ='C8365'!G98 -> 0
A72: =A71+1 -> 64 | B72: شفل | C72: 366 | D72: 1974 | E72: شركة القبس للمقاولات | F72: 36917 | G72: =IF(F72<NOW(),"تنبية","") -> تنبية | K72: ='366'!F98 -> 1705000 | L72: ='366'!G98 -> 0
B73: C 22730- شفل بوبكات | C73: C 22730 | D73: 2024 | E73: خالد علي صالح | F73: 47519 | G73: =IF(F73<NOW(),"تنبية","") | H73: جلولاء | K73: ='C 22730'!F98 -> 0 | L73: ='C 22730'!G98 -> 0
A74: الجرافات
A75: =A72+1 -> 65 | B75: بلدوزر كتتر بلر/ شفل مسرف | C75: 8640 أ بصرة | D75: 2010 | E75: شركة القبس للمقاولات | F75: 44695 | G75: =IF(F75<NOW(),"تنبية","") -> تنبية | H75: الدورة | K75: =بلدوزر8640!F37 -> 0 | L75: =بلدوزر8640!G37 -> 0
A76: =A75+1 -> 66 | B76: كريدر - كتربلر | C76: 50913 ط بغداد | D76: 1998 | E76: شركة القبس للمقاولات | F76: 46720 | G76: =IF(F76<NOW(),"تنبية","") | H76: الدورة | K76: =' كريدر 50913'!F30 -> 3674000 | L76: =' كريدر 50913'!G30 -> 0
A77: =A76+1 -> 67 | B77: بلدوزر - كتربلر دي 8 | C77: 50826 ط بغداد | D77: 1998 | E77: شركة سمو بغداد | F77: 46707 | G77: =IF(F77<NOW(),"تنبية","") | H77: الدورة | K77: ='بلدوزر 50826'!F32 -> 26220000 | L77: ='بلدوزر 50826'!G32 -> 0
A78: =A77+1 -> 68 | B78: بلدوزر كتر بلر دي 8 | C78: 8641 أ بصرة | D78: 2010 | E78: شركة القبس للمقاولات | F78: 44695 | G78: =IF(F78<NOW(),"تنبية","") -> تنبية | H78: الدورة | K78: ='بلدوزر 8641'!F36 -> 28412000 | L78: ='بلدوزر 8641'!G36 -> 0
A79: الكرينات
A80: =A78+1 -> 69 | B80: كرين كروف 50 طن | C80: 50827 ط بغداد | D80: 1998 | E80: شركة سمو بغداد | F80: 46707 | G80: =IF(F80<NOW(),"تنبية","") | H80: خان ضاري | K80: ='كرين 50827'!F30 -> 55552000 | L80: ='كرين 50827'!G30 -> 2200
A81: =A80+1 -> 70 | B81: كرين هينو 3 طن | C81: 673 ر انبار | D81: 1994 | E81: شركة القبس للمقاولات | F81: 46885 | G81: =IF(F81<NOW(),"تنبية","") | H81: خان ضاري | K81: ='كرين 673'!F37 -> 4419000 | L81: ='كرين 673'!G37 -> 0
A82: =A81+1 -> 71 | B82: كرين هونداي 10 طن | C82: 53035 ف بغداد | D82: 1992 | E82: شركة القبس للمقاولات | F82: 46629 | G82: =IF(F82<NOW(),"تنبية","") | H82: خان ضاري | K82: =' كرين53035'!F31 -> 10397000 | L82: =' كرين53035'!G31 -> 1000
A83: =A82+1 -> 72 | B83: كرين اج بى | C83: 2884 انبار | D83: 1991 | E83: شركة القبس للمقاولات | F83: 43463 | G83: =IF(F83<NOW(),"تنبية","") -> تنبية | H83: خان ضاري | J83: عاطل | K83: ='كرين 2884'!F37 -> 16442500 | L83: ='كرين 2884'!G37 -> 1250
A84: =A83+1 -> 73 | B84: كرين تادانو 30 طن | C84: 50313 ط بغداد | D84: 1982 | E84: شركة سمو بغداد | F84: 46714 | G84: =IF(F84<NOW(),"تنبية","") | H84: خان ضاري | K84: ='كرين 50313'!F43 -> 24052000 | L84: ='كرين 50313'!G43 -> 630
A85: =A84+1 -> 74 | B85: كرين - هياب - سكانيا | C85: 22 L 29192 | D85: 2020 | E85: وليد خالد | F85: 47655 | G85: =IF(F85<NOW(),"تنبية","")
A86: شاحنات حمل قلاب
A87: =A85+1 -> 75 | B87: مان/ راس تريله | C87: 98959 ك بغداد | D87: 2009 | E87: شركة القبس للمقاولات | F87: 47084 | G87: =IF(F87<NOW(),"تنبية","") | H87: جلولاء | K87: ='قلاب 98959'!F31 -> 2325000 | L87: ='قلاب 98959'!G31 -> 450
A88: =A87+1 -> 76 | B88: قلاب سكانيا | C88: 163283 سليمانية | D88: 2008 | E88: خالد علي | F88: 46616 | G88: =IF(F88<NOW(),"تنبية","") | H88: خان ضاري | K88: ='قلاب 163283'!F32 -> 12683500 | L88: ='قلاب 163283'!G32 -> 3200
A89: =A88+1 -> 77 | B89: قلاب سكانيا | C89: 163529 سليمانية | D89: 2008 | E89: خالد علي | F89: 46616 | G89: =IF(F89<NOW(),"تنبية","") | H89: خان ضاري | K89: ='قلاب 163529'!F28 -> 5276000 | L89: ='قلاب 163529'!G28 -> 0
A90: =A89+1 -> 78 | B90: قلاب مان سكس ويل / سبترا | C90: 11 N 95072 | D90: 2006 | E90: شركة القبس للمقاولات | F90: 47336 | G90: =IF(F90<NOW(),"تنبية","") | H90: جلولاء | K90: ='قلاب 95072'!F38 -> 5222000 | L90: ='قلاب 95072'!G38 -> 123
A91: =A90+1 -> 79 | B91: قلاب مان سكس ويل | C91: 11 K 66478 | D91: 2006 | E91: شركة القبس للمقاولات | F91: 47346 | G91: =IF(F91<NOW(),"تنبية","") | H91: جلولاء | K91: ='قلاب 66478'!F54 -> 7098000 | L91: ='قلاب 66478'!G54 -> 0
A92: =A91+1 -> 80 | B92: قلاب مان سكس ويل | C92: 11 W 62040 | D92: 2006 | E92: شركة القبس للمقاولات | F92: 47304 | G92: =IF(F92<NOW(),"تنبية","") | H92: خان ضاري | K92: ='قلاب 62041'!F59 -> 14910000 | L92: ='قلاب 62041'!G59 -> 1200
A93: =A92+1 -> 81 | B93: مان نساف | C93: 11 W 84878 | D93: 2009 | E93: شركة القبس للمقاولات | F93: 47335 | G93: =IF(F93<NOW(),"تنبية","") | H93: خان ضاري | K93: ='قلاب 84878'!F66 -> 24016000 | L93: ='قلاب 84878'!G66 -> 5820
A94: =A93+1 -> 82 | B94: مان نساف | C94: 11 K 90723 | D94: 2009 | E94: شركة القبس للمقاولات | F94: 47341 | G94: =IF(F94<NOW(),"تنبية","") | H94: خان ضاري | K94: ='قلاب 90733'!F71 -> 14270000 | L94: ='قلاب 90733'!G71 -> 3120
A95: شاحنات حمل قلاب نساف
A96: =A94+1 -> 83 | B96: تريله اكتروز | C96: 22 E 25791 | D96: 2013 | E96: عدنان علي | F96: 47046 | G96: =IF(F96<NOW(),"تنبية","") | H96: خان ضاري | K96: =تريلة25791!F32 -> 5888000 | L96: =تريلة25791!G32 -> 500
A97: =A96+1 -> 84 | B97: تريله سكانيا | C97: 153869سليمانية | D97: 2011 | E97: خالد علي | F97: 45929 | G97: =IF(F97<NOW(),"تنبية","") -> تنبية | H97: خان ضاري | K97: ='تريلة 153869'!F36 -> 13915000 | L97: ='تريلة 153869'!G36 -> 500
A98: =A97+1 -> 85 | B98: تريله سكانيا- سكس ويل | C98: 22 J 17040 | D98: 2006 | E98: عدنان علي | F98: 46245 | G98: =IF(F98<NOW(),"تنبية","") | H98: جلولاء | K98: ='تريلة 17040'!F49 -> 27131000 | L98: ='تريلة 17040'!G49 -> 560
A99: =A98+1 -> 86 | B99: تريله اكتروز 196495 | C99: 22 L 16495 | D99: 2014 | E99: عدنان علي | F99: 45350 | G99: =IF(F99<NOW(),"تنبية","") -> تنبية | H99: خان ضاري | K99: ='تريلة 16495'!F35 -> 4353000 | L99: ='تريلة 16495'!G35 -> 200
A100: =A99+1 -> 87 | B100: تريله اكتروز 17586 | C100: 22 L 17586 | D100: 2014 | E100: عدنان علي | F100: 47127 | G100: =IF(F100<NOW(),"تنبية","") | H100: جلولاء | K100: =تريلة17586!F26 -> 21257000 | L100: =تريلة17586!G26 -> 0
A101: رافعات
...

Sheet C 22730
A1: صيانة الاليات
A2: 1 | B2: شفل بوب كات | E2: الموديل | F2: 2024 | H2: الموقع: | I2: المقر | K2: رجوع الى جدول الاليات
B3: رقمها : | C3: C 22730 | E3: المالك | F3: خالد علي صالح | H3: مسؤول الالية :
B5: الشهر | E5: العداد السابق | H5: العداد النهائي :
A6: # | B6: اسم السائق/المسؤول | C6: رقم الوصل | D6: تاريخ | E6: تفاصيل الصيانه | F6: المبلغ دينار | G6: المبلغ $ | H6: مسؤول الصيانه | I6: اضافة /هايدوليك لتر | J6: العداد
A7: 1
A8: 2
A9: 3
A10: 4
A11: 5
A12: 6
A13: 7
A14: 8
A15: 30
A16: 31
A17: 32
A18: 33
... A97: 112
B98: المجموع الكلي | F98: =SUM(F7:F97) -> 0 | G98: =SUM(G7:G97) -> 0

Sheet 366
A1: صيانة الاليات
A2: 1 | B2: شفل بوب كات | E2: الموديل | F2: 1974 | H2: الموقع: | I2: المقر | K2: رجوع الى جدول الاليات
B3: رقمها : | C3: 366 | E3: المالك | F3: شركة القبس للمقاولات | H3: مسؤول الالية :
B5: الشهر | E5: العداد السابق | H5: العداد النهائي :
A6: # | B6: اسم السائق/المسؤول | C6: رقم الوصل | D6: تاريخ | E6: تفاصيل الصيانه | F6: المبلغ دينار | G6: المبلغ $ | H6: مسؤول الصيانه | I6: اضافة /هايدوليك لتر | J6: العداد
A7: 1 | C7: 1158 | D7: 18/3/2026 | E7: تشييش راديتر+لحيم راس باتري+جوين+بنجر+كت كير كامل+طقم جك ستيرن+فلاتر+مبردة كير+لايت+رنك كبوس+كاترج+كت واشرات بم+شوته اصليه+فلاتر | F7: 1705000 | H7: علي غازي
A8: 2
A9: 3
A10: 4
A11: 5
A12: 6
A13: 7
A14: 8
A15: 30
A16: 31
A17: 32
A18: 33
A19: 34
... A97: 112
B98: المجموع الكلي | F98: =SUM(F7:F97) -> 1705000 | G98: =SUM(G7:G97) -> 0

Sheet C8365
A1: صيانة الاليات
A2: 1 | B2: شفل بوب كات | E2: الموديل | F2: 2018 | H2: الموقع: | I2: المقر | K2: رجوع الى جدول الاليات
B3: رقمها : | C3: C8365 | E3: المالك | F3: خالد علي | H3: مسؤول الالية :
B5: الشهر | E5: العداد السابق | H5: العداد النهائي :
A6: # | B6: اسم السائق/المسؤول | C6: رقم الوصل | D6: تاريخ | E6: تفاصيل الصيانه | F6: المبلغ دينار | G6: المبلغ $ | H6: مسؤول الصيانه | I6: اضافة /هايدوليك لتر | J6: العداد
A7: 1
A8: 2
A9: 3
A10: 4
A11: 5
A12: 6
A13: 7
A14: 8
A15: 30
A16: 31
A17: 32
A18: 33
... A97: 112
B98: المجموع الكلي | F98: =SUM(F7:F97) -> 0 | G98: =SUM(G7:G97) -> 0

Sheet C23987
A1: صيانة الاليات
A2: 1 | B2: JCB حجم كبير | E2: الموديل | F2: 2018 | H2: الموقع: | I2: المقر | K2: رجوع الى جدول الاليات
B3: رقمها : | C3: C23987 | E3: المالك | F3: وليد خالد | H3: مسؤول الالية :
B5: الشهر | E5: العداد السابق | H5: العداد النهائي :
A6: # | B6: اسم السائق/المسؤول | C6: رقم الوصل | D6: تاريخ | E6: تفاصيل الصيانه | F6: المبلغ دينار | G6: المبلغ $ | H6: مسؤول الصيانه | I6: اضافة /هايدوليك لتر | J6: العداد
A7: 1 | C7: 960 | D7: 46358 | E7: روبن+فلاتر+كماليات+ماسحه امامي و خلفي | F7: 317000 | H7: علي غازي
A8: 2 | C8: 1093 | D8: 46086 | E8: دبة دهن + فلتر دهن + فلتر كاز | F8: 355000 | H8: علي غازي
A9: 3 | C9: 1158 | D9: 18/3/2026 | E9: كهربائيات+اجور عمل | F9: 250000 | H9: علي غازي
A10: 4 | C10: 1281 | D10: 18/4/2026 | E10: هندل | F10: 505000 | H10: علي غازي
A11: 5 | C11: 1394 | D11: 46300 | E11: فلاتر عدد2 | F11: 70000 | H11: علي غازي
A12: 6 | C12: 1428 | D12: 18/5/2026 | E12: تبريد | F12: 465000 | H12: علي غازي
A13: 7
A14: 8
A15: 30
A16: 31
A17: 32
A18: 33
A19: 34
A20: 35
A21: 36
A22: 37
A23: 38
A24: 39
... A97: 112
B98: المجموع الكلي | F98: =SUM(F9:F97) -> 1290000 | G98: =SUM(G7:G97) -> 0

Sheet  C 24000- خباطة
A1: صيانة الاليات
A2: 1 | B2: خباطة كونريت - مارسيدس | E2: الموديل | F2: 2018 | H2: الموقع: | I2: المقر | K2: رجوع الى جدول الاليات
B3: رقمها : | C3: C 24000 | E3: المالك | F3: خالد علي | H3: مسؤول الالية :
B5: الشهر | E5: العداد السابق | H5: العداد النهائي :
A6: # | B6: اسم السائق/المسؤول | C6: رقم الوصل | D6: تاريخ | E6: تفاصيل الصيانه | F6: المبلغ دينار | G6: المبلغ $ | H6: مسؤول الصيانه | I6: اضافة /هايدوليك لتر | J6: العداد
A7: 1 | C7: 960 | D7: 46358 | E7: لزكات+ارضيات+شوته+تخم فلاتر+فحص حاسبه+سستم ادبلو+جلي ويلات+كهربائيات+تبديل اطارات+اجور نقل | F7: 1730000 | G7: 250 | H7: علي غازي
A8: 2
A9: 3
A10: 4
A11: 5
A12: 6
A13: 7
A14: 8
A15: 30
A16: 31
A17: 32
A18: 33
A19: 34
... A97: 112
B98: المجموع الكلي | F98: =SUM(F7:F97) -> 1730000 | G98: =SUM(G7:G97) -> 250

Sheet C 24135- خباطة 
A1: صيانة الاليات
A2: 1 | B2: خباطة كونكريت مرسيدس | E2: الموديل | F2: 2018 | H2: الموقع: | I2: المقر | K2: رجوع الى جدول الاليات
B3: رقمها : | C3: C 24135 | E3: المالك | F3: خالد علي | H3: مسؤول الالية :
B5: الشهر | E5: العداد السابق | H5: العداد النهائي :
A6: # | B6: اسم السائق/المسؤول | C6: رقم الوصل | D6: تاريخ | E6: تفاصيل الصيانه | F6: المبلغ دينار | G6: المبلغ $ | H6: مسؤول الصيانه | I6: اضافة /هايدوليك لتر | J6: العداد
A7: 1 | C7: 960 | D7: 46358 | E7: لزكات+ارضيات+شوته+تخم فلاتر+فحص حاسبه+سستم ادبلو+جلي ويلات+كهربائيات+تبديل اطارات+اجور نقل | F7: 1730000 | G7: 250 | H7: علي غازي
A8: 2
A9: 3
A10: 4
A11: 5
A12: 6
A13: 7
A14: 8
A15: 30
A16: 31
A17: 32
A18: 33
A19: 34
... A97: 112
B98: المجموع الكلي | F98: =SUM(F7:F97) -> 1730000 | G98: =SUM(G7:G97) -> 250

Sheet C 24283 - خباطة 
A1: صيانة الاليات
A2: 1 | B2: خباطة كونكريت - مرسيدس | E2: الموديل | F2: 2018 | H2: الموقع: | I2: المقر | K2: رجوع الى جدول الاليات
B3: رقمها : | C3: C 24283 | E3: المالك | F3: خالد علي | H3: مسؤول الالية :
B5: الشهر | E5: العداد السابق | H5: العداد النهائي :
A6: # | B6: اسم السائق/المسؤول | C6: رقم الوصل | D6: تاريخ | E6: تفاصيل الصيانه | F6: المبلغ دينار | G6: المبلغ $ | H6: مسؤول الصيانه | I6: اضافة /هايدوليك لتر | J6: العداد
A7: 1 | C7: 960 | D7: 46358 | E7: لزكات+ارضيات+شوته+تخم فلاتر+فحص حاسبه+سستم ادبلو+جلي ويلات+كهربائيات+تبديل اطارات+اجور نقل | F7: 1730000 | G7: 250 | H7: علي غازي
A8: 2
A9: 3
A10: 4
A11: 5
A12: 6
A13: 7
A14: 8
A15: 30
A16: 31
A17: 32
A18: 33
A19: 34
... A97: 112
B98: المجموع الكلي | F98: =SUM(F7:F97) -> 1730000 | G98: =SUM(G7:G97) -> 250

Sheet توسان 88707
A1: صيانة الاليات
A2: 1 | B2: هونداي توسان ستيشن | E2: الموديل | F2: 2018 | H2: الموقع: | I2: المقر | K2: رجوع الى جدول الاليات
B3: رقمها : | C3: 88707 هـ بغداد | E3: المالك | F3: شركة القبس | H3: مسؤول الالية : | I3: خالد ياسين
B5: الشهر | C5: 2025/31/07 | E5: العداد السابق | F5: =J9 -> 100000 | H5: العداد النهائي : | I5: =MAX(J7:J120) -> 126000
A6: # | B6: اسم السائق/المسؤول | C6: رقم الوصل | D6: تاريخ | E6: تفاصيل الصيانه | F6: المبلغ دينار | G6: المبلغ $ | H6: مسؤول الصيانه | I6: اضافة /هايدوليك لتر | J6: العداد
A7: 1 | B7: هيثم قاسم | C7: 5601 | D7: 45117 | E7: صدر+نوزلات+فيتبم+بلكات+مشط ستيرن | F7: 1230000 | H7: هيثم قاسم
A8: 2 | B8: هيثم قاسم | C8: 6777 | D8: 20/7/2024 | E8: شراء بطاريه+صيانة كير مع تبديل دهن | F8: 260000 | H8: هيثم قاسم
A9: 3 | B9: هيثم قاسم | C9: 8097 | D9: 45742 | E9: دهن+فلتر | F9: 50000 | H9: عمر رمضان | J9: 100000
A10: 4 | B10: خالد ياسين | C10: 8146 | D10: 45759 | E10: لايت + غسل | F10: 20000 | H10: خالد ياسين
A11: 5 | B11: خالد ياسين | C11: 8872 | D11: 45801 | E11: دوشمة توسان | F11: 160000 | H11: هيثم قاسم
A12: 6 | B12: خالد ياسين | C12: 9176 | D12: 45845 | E12: دهن+فلتر | F12: 44500 | H12: عمر رمضان | J12: 104500
A13: 7 | B13: خالد ياسين | C13: 223 | D13: 45668 | E13: دهن+فلتر+ماء | F13: 49500 | H13: خالد ياسين | J13: 112000
A14: 8 | B14: خالد ياسين | C14: 700 | D14: 46204 | E14: دهن+فلتر | F14: 44500 | H14: خالد ياسين | J14: 116869
A15: 30 | B15: خالد ياسين | C15: 1107 | D15: 46268 | E15: دهن+فلتر+فلتر شوته | F15: 59000 | H15: خالد ياسين | J15: 121052
A16: 31 | B16: خالد ياسين | C16: 1213 | D16: 46116 | E16: صيانه+درع+دبة ماء | F16: 225000 | H16: خالد ياسين
A17: 32 | B17: خالد ياسين | C17: 1429 | D17: 19/5/2026 | E17: دهن+فلتر | F17: 60000 | H17: خالد ياسين | J17: 126000
A18: 33
A19: 34
A20: 35
A21: 36
A22: 37
A23: 38
A24: 39
A25: 40
A26: 41
A27: 42
A28: 43
A29: 44
... A97: 112
B98: المجموع الكلي | F98: =SUM(F7:F96) -> 2202500 | G98: =SUM(G7:G96) -> 0

Sheet  11 A 71993 تويوتا بيك اب
A1: صيانة الاليات
A2: 2 | B2: بيك اب | E2: الموديل | F2: 2019 | H2: الموقع: | I2: المقر | K2: رجوع الى جدول الاليات
B3: رقمها : | C3: 11 A 71993 | E3: المالك | F3: شركة القبس | H3: مسؤول الالية : | I3: أبو مروان
B5: الشهر | C5: 2025/31/07 | E5: العداد السابق | H5: العداد النهائي : | I5: =MAX(J7:J141) -> 81700
A6: # | B6: اسم السائق / المسؤول | C6: رقم الوصل | D6: تاريخ | E6: تفاصيل الصيانه | F6: المبلغ دينار | G6: المبلغ $ | H6: مسؤول الصيانه | I6: اضافة /هايدوليك لتر | J6: العداد
A7: 1 | B7: ابومروان | C7: 5324 | D7: 44993 | E7: دهن + فلتر | F7: 47000 | H7: ابومروان
A8: 2 | B8: ابومروان | C8: 5492 | D8: 16/9/2023 | E8: بطاريه | F8: 75000 | H8: احمد عبدالرزاق
A9: 3 | B9: ابومروان | C9: 5715 | D9: 44937 | E9: صيانه + بنزين | F9: 128000 | H9: ابومروان
A10: 4 | B10: ابومروان | C10: 5918 | D10: 19/12/2023 | E10: دهن + فلتر | F10: 50000 | H10: شاكر محمود
A11: 5 | B11: ابومروان | C11: 6215 | D11: 19/2/2024 | E11: اطارات | F11: 290000 | H11: شاكر محمود
A12: 6 | B12: ابومروان | C12: 6456 | D12: 45327 | E12: دهن + فلتر | F12: 60000 | H12: ابومروان
A13: 7 | B13: ابومروان | C13: 6793 | D13: 24/7/2024 | E13: دسكات+دهن + فلتر | F13: 168000 | H13: ابومروان
A14: 8 | B14: ابومروان | C14: 7092 | D14: 45565 | E14: بدنه+كوشه+لايت/تصليح دعمه | F14: 420000 | H14: م.مروان
A15: 9 | B15: ابومروان | D15: 45580 | E15: مواد تصليح ضربة الدعاميه | F15: 285000 | H15: ابومروان
A16: 10 | B16: ابومروان | C16: 7286 | D16: 45600 | E16: ادامه/تبديل فلتر+واشر+دهن كير+فلاتر بنزين+شوته+دهن+دهن محرك+دهن اكسلات+فلاش محرك+تشحيم كاردن | F16: 450000 | H16: ابومروان
A17: 11 | B17: ابومروان | C17: 7698 | D17: 45671 | E17: صيانة زيوت متنوعه | F17: 120000 | H17: م.مروان
A18: 12 | B18: ابومروان | C18: 8929 | D18: 45808 | E18: دهن+فلتر | F18: 75000 | H18: ابومروان
A19: 13 | B19: ابومروان | C19: 9368 | D19: 45865 | E19: بطاريه | F19: 85000 | H19: عمر رمضان
A20: 14 | C20: 187 | D20: 45958 | E20: دهن+فلتر | F20: 75000 | H20: عبدالوهاب بدر | J20: 81700
A21: 15 | C21: 1395 | D21: 46300 | E21: تبديل دهن محرك+كير+فلاتر | F21: 310000 | H21: عبدالوهاب بدر
A22: 16
A23: 17
A24: 18
A25: 19
A26: 20
A27: 21
A28: 22
A29: 23
A30: 24
A31: 25
A32: 26
A33: 27
... A50: 44
B51: المجموع الكلي | F51: =SUM(F7:F50) -> 2638000 | G51: =SUM(G7:G50) -> 0

Sheet 11 W 8011 تاهو
A1: صيانة الاليات
A2: 3 | B2: تاهو شوفرليت | E2: الموديل | F2: 2021 | H2: الموقع: | I2: المقر | K2: رجوع الى جدول الاليات
B3: رقمها : | C3: 11 W 8011 | E3: المالك | F3: خالد علي | H3: مسؤول الالية :
B5: الشهر | C5: 2025/31/07 | E5: العداد السابق | H5: العداد النهائي : | I5: =MAX(J7:J141) -> 0
A6: # | B6: اسم السائق / المسؤول | C6: رقم الوصل | D6: تاريخ | E6: تفاصيل الصيانه | F6: المبلغ دينار | G6: المبلغ $ | H6: مسؤول الصيانه | I6: اضافة /هايدوليك لتر | J6: ملاحظات
A7: 25 | B7: المقر | C7: 4342 | D7: 17/1/2023 | E7: غسل | F7: 20000
A8: 28 | B8: المقر | C8: 4594 | D8: 44960 | E8: دهن+غسل+بنزين | F8: 50000 | G8: 150 | H8: احمد عبدالرزاق
A9: 29 | B9: المقر | C9: 4697 | D9: 22/3/2023 | E9: غرامه مروريه | F9: 50000 | H9: احمد عبدالرزاق
A10: 31 | B10: المقر | C10: 4768 | D10: 45081 | E10: اطارات+بنزين | F10: 95000 | G10: 640 | H10: احمد عبدالرزاق
A11: 33 | B11: المقر | C11: 5025 | D11: 44991 | E11: درع جام امامي | G11: 200 | H11: احمد عبدالرزاق
A12: 34 | B12: المقر | C12: 5052 | D12: 45083 | E12: هورن | F12: 80000 | H12: احمد عبدالرزاق
A13: 41 | B13: المقر | C13: 5752 | D13: 45149 | E13: دسكات | G13: 450 | H13: احمد عبدالرزاق
A14: 42 | B14: المقر | C14: 5768 | D14: 13/11/2023 | E14: اجور عمل دسكات + بنزين | F14: 75000 | H14: احمد عبدالرزاق
A15: 46 | B15: المقر | C15: 6442 | D15: 27/4/2024 | E15: درع جام امامي | F15: 350000 | H15: احمد عبدالرزاق
A16: 47 | B16: المقر | C16: 6474 | D16: 45448 | E16: دهن + فلتر | F16: 147500 | H16: احمد عبدالرزاق
A17: 48 | B17: المقر | C17: 6886 | D17: 45573 | E17: تبديل دهن+فلتر +فلترشوته+غسل+شراء بخاخ للاملاح القماره+نصب كامره اماميه | F17: 206000 | H17: احمد عبدالرزاق
A18: 49 | B18: المقر | D18: 45566 | E18: بطارية ريمونت+فلتر شوته | F18: 30000 | H18: احمد عبدالرزاق
A19: 50 | B19: المقر | C19: 7406 | D19: 45627 | E19: كامرة تسجيل داش كام | F19: 330000 | H19: م. وليد القيسي
A20: 51 | B20: المقر | C20: 7412 | D20: 45628 | E20: اجور كهربائي عن نصب كامره+غسل | F20: 45000 | H20: احمد عبدالرزاق
A21: 52 | B21: المقر | C21: 7568 | D21: 45645 | E21: تصليح جامه اماميه | F21: 15000 | H21: احمد عبدالرزاق
A22: 53 | B22: المقر | C22: 8157 | D22: 45761 | E22: تبديل ماطور ماسحات+برمجه | F22: 200000 | H22: احمد عبدالرزاق
A23: 54 | B23: المقر | C23: 8810 | D23: 45791 | E23: دهن+فلاتر تبريد و شوته+فحص كومبيوتر | F23: 220000 | H23: احمد عبدالرزاق
A24: 55 | B24: المقر | C24: 9438 | D24: 45874 | E24: تبديل حساس اي بي اس | F24: 140000 | H24: احمد عبدالرزاق
A25: 56 | B25: المقر | C25: 564 | D25: 46011 | E25: تصليح اكسل+تبديل فلاوين+بطاريه+اذانات محرك+بلنص+غسل | F25: 3635000 | H25: احمد عبدالرزاق
A26: 57 | B26: المقر | C26: 1392 | D26: 46270 | E26: تبديل دهن+فلاتر+ماء راديتر+تنظيف جويتر+بطاريه | F26: 860000 | H26: عمر رمضان
A27: 58
A28: 59
A29: 60
A30: 61
A31: 62
A32: 63
A33: 64
A34: 65
B35: المجموع الكلي | F35: =SUM(F7:F34) -> 6548500 | G35: =SUM(G7:G34) -> 1440
A36: =A36:K54 -> 0

Sheet برادو 2009
A1: صيانة الاليات
A2: 5 | B2: تويوتا برادو ستيشن | E2: الموديل | F2: 2009 | H2: الموقع: | I2: المقر | K2: رجوع الى جدول الاليات
B3: رقمها : | C3: 11734 د بغداد | E3: المالك | F3: شركة القبس | H3: مسؤول الالية :
B5: الشهر | C5: 2025/31/07 | E5: العداد السابق | H5: العداد النهائي : | I5: =MAX(J7:J141) -> 178000
A6: # | B6: اسم السائق / المسؤول | C6: رقم الوصل | D6: تاريخ | E6: تفاصيل الصيانه | F6: المبلغ دينار | G6: المبلغ $ | H6: مسؤول الصيانه | I6: اضافة /هايدوليك لتر | J6: العداد
A7: 25 | B7: المقر | C7: 4342 | D7: 17/1/2023 | E7: غسل | F7: 25000 | H7: الموصل
A8: 29 | B8: المقر | C8: قيد 134 | D8: 45088 | E8: اطارات + غسل + بنزين | F8: 881000 | H8: الموصل
A9: 30 | B9: المقر | C9: قيد 15 | D9: 45414 | E9: صيانه | F9: 250000 | H9: الموصل
A10: 46 | B10: المقر | C10: 6442 | D10: 27/4/2024 | E10: لايت امامي | F10: 50000 | H10: احمد عبدالرزاق
A11: 32 | B11: المقر | C11: 6421 | D11: 29/4/2024 | E11: تبديل مصابيح خلفيه+فلتر تبريد | F11: 50000 | H11: احمد عبدالرزاق
A12: 33 | B12: المقر | C12: 6528 | D12: 22/5/2024 | E12: شمعات+هورن+غسل | F12: 175000 | H12: احمد عبدالرزاق
A13: 34 | B13: المقر | C13: 6907 | D13: 14/8/2024 | E13: جامه خلفيه | F13: 90000 | H13: احمد عبدالرزاق
A14: 35 | B14: المقر | C14: 7043 | D14: 45553 | E14: تبديل مشط ستيرن | F14: 230000 | H14: شاكر محمود
A15: 36 | B15: المقر | D15: 45574 | E15: دهن+فلتر+فلتر شوته+فلتر تبريد | F15: 85000 | H15: احمد عبدالرزاق
A16: 37 | B16: المقر | C16: 8122 | D16: 45754 | E16: دهن+فلتر | F16: 52000 | H16: عمر رمضان
A17: 38 | B17: المقر | C17: 8135 | D17: 45756 | E17: تصليح صدر + تبديل صرة دهن | F17: 150000 | H17: احمد عبدالرزاق
A18: 39 | B18: المقر | C18: 8794 | D18: 45789 | E18: تصليح دعاميه+قواعد | F18: 65000 | H18: عمر رمضان
A19: 40 | B19: المقر | C19: 8857 | D19: 45798 | E19: دهن+فلاتر شوته و دهن+عمل باج | F19: 135000 | H19: عمر رمضان
A20: 41 | B20: المقر | C20: 9357 | D20: 45864 | E20: دهن+فلتر+فلتر تبريد | F20: 57000 | H20: عمر رمضان
A21: 42 | B21: المقر | C21: 9382 | D21: 45866 | E21: بطاريه | F21: 106000 | H21: عمر رمضان
A22: 43 | B22: المقر | C22: 9740 | D22: 45913 | E22: دسكات امامي+خلفي+عمل | F22: 237250 | H22: عبدالوهاب
A23: 44 | B23: المقر | C23: 9889 | D23: 45928 | E23: لاستيك دبل+فلنجات امامي+دهن هيدروليك+برغي مشط+درايف شفت ميزانيه+اجور عمل | F23: 2100000 | H23: عبدالوهاب
A24: 45 | C24: 222 | D24: 45668 | E24: دهن+فلتر | F24: 75000 | H24: عمر رمضان | J24: 178000
A25: 46 | C25: 770 | D25: 13/1/2026 | E25: تصليح جامه | F25: 35000 | H25: عمر رمضان
A26: 47 | C26: 1405 | D26: 14/5/2026 | E26: غاز تبريد+فلتر | F26: 40000 | H26: عمر رمضان
A27: 48
A28: 49
A29: 50
A30: 51
A31: 52
A32: 53
A33: 54
A34: 55
A35: 56
A36: 57
A37: 58
A38: 59
... A42: 63
B43: المجموع الكلي | F43: =SUM(F7:F42) -> 4888250 | G43: =SUM(G7:G42) -> 0

Sheet 2022 البرادو 
A1: صيانة الاليات
A2: 4 | B2: تويوتا برادو | E2: الموديل | F2: 2022 | H2: الموقع: | I2: المقر | K2: رجوع الى جدول الاليات
B3: رقمها : | C3: 52164 ن بغداد | E3: المالك | F3: تركي القيسي | H3: مسؤول الالية :
B5: الشهر | C5: 2025/31/07 | E5: العداد السابق | F5: =J26 -> 28000 | H5: العداد النهائي : | I5: =MAX(J7:J141) -> 34000
A6: # | B6: اسم السائق/المسؤل | C6: رقم الوصل | D6: تاريخ | E6: تفاصيل الصيانه | F6: المبلغ دينار | G6: المبلغ $ | H6: مسؤول الصيانه | I6: اضافة /هايدوليك لتر | J6: العداد
A7: 1 | B7: المقر | C7: 4707 | D7: 23/3/2023 | E7: غرامه+غسل+بنزين | F7: 100000 | H7: احمد عبدالرزاق
A8: 2 | B8: المقر | C8: 4722 | D8: 26/3/2023 | E8: مصاريف صيانه | F8: 1408000 | H8: احمد عبدالرزاق
A9: 3 | B9: المقر | C9: 5307 | D9: 30/7/2023 | E9: صيانه+دهن وفلتر+بنزين | F9: 190000 | H9: هيثم قاسم
A10: 4 | B10: المقر | C10: 5674 | D10: 24/10/2023 | E10: بنزين | F10: 50000 | H10: احمد عبدالرزاق
A11: 5 | B11: المقر | C11: 5736 | D11: 45027 | E11: صيانه + بنزين | F11: 60000 | H11: احمد عبدالرزاق
A12: 6 | B12: المقر | C12: 5741 | D12: 45057 | E12: صيانه + بنزين | F12: 75000 | H12: احمد عبدالرزاق
A13: 7 | B13: المقر | C13: 5771 | D13: 15/11/2023 | E13: بنزين | F13: 36000 | H13: عبدالمهيمن
A14: 8 | B14: المقر | C14: 5829 | D14: 28/11/2023 | E14: بنزين | F14: 66000 | H14: احمد عبدالرزاق
A15: 9 | B15: المقر | C15: 5895 | D15: 45272 | E15: بنزين | F15: 65000 | H15: احمد عبدالرزاق
A16: 10 | B16: المقر | C16: 5933 | D16: 23/12/2023 | E16: بنزين | F16: 60000 | H16: احمد عبدالرزاق
A17: 11 | B17: المقر | C17: 6001 | D17: 45323 | E17: غسل + بنزين | F17: 68000 | H17: عبدالمهيمن
A18: 12 | B18: المقر | C18: 6116 | D18: 27/1/2024 | E18: غرامه | F18: 25000 | H18: احمد عبدالرزاق
A19: 13 | B19: المقر | C19: 6119 | D19: 28/1/2024 | E19: بنزين | F19: 75000 | H19: هيثم قاسم
A20: 14 | B20: المقر | C20: 6126 | D20: 29/1/2024 | E20: غرامه | F20: 50000 | H20: شاكر محمود
A21: 15 | B21: المقر | C21: 6152 | D21: 31/1/2024 | E21: بنزين | F21: 50000 | H21: احمد عبدالرزاق
A22: 16 | B22: المقر | C22: 6194 | D22: 45567 | E22: بنزين | F22: 60000 | H22: احمد عبدالرزاق
A23: 17 | B23: المقر | C23: 6331 | D23: 25/3/2024 | E23: بنزين | F23: 74000 | H23: خالد ياسين
A24: 18 | B24: المقر | C24: 6817 | D24: 28/7/2024 | E24: تصليح جامه | F24: 10000 | H24: احمد عبدالرزاق
A25: 19 | B25: المقر | C25: 7262 | D25: 45598 | E25: غسل | F25: 10000 | H25: عبدالمهيمن
A26: 20 | B26: المقر | C26: 7640 | D26: 45657 | E26: دهن+فلتر | F26: 70000 | H26: خالد ياسين | J26: 28000
A27: 21 | B27: المقر | C27: 1087 | D27: 46115 | E27: دهن+فلاتر دهن وتبريد وشوته+ماء راديتر | F27: 125000 | H27: عمر رمضان | J27: 34000
A28: 22 | B28: المقر
A29: 23
A30: 24
A31: 25
A32: 26
A33: 27
A34: 28
A35: 29
A36: 30
A37: 31
A38: 32
A39: 33
A40: 34
... A53: 47
B54: المجموع الكلي | F54: =SUM(F7:F53) -> 2727000 | G54: =SUM(G7:G53) -> 0

Sheet جيب شيروكي 
A1: صيانة الاليات
A2: 6 | B2: جيب جراند شيروكي | E2: الموديل | F2: 2024 | H2: الموقع: | I2: المقر | K2: رجوع الى جدول الاليات
B3: رقمها : | C3: 11 L 41113 | E3: المالك | F3: تركي القيسي | H3: مسؤول الالية :
B5: الشهر | C5: 2025/31/07 | E5: العداد السابق | F5: =J7 -> 2750 | H5: العداد النهائي : | I5: =MAX(J7:J141) -> 12200
A6: # | B6: اسم السائق / المسؤول | C6: رقم الوصل | D6: تاريخ | E6: تفاصيل الصيانه | F6: المبلغ دينار | G6: المبلغ $ | H6: مسؤول الصيانه | I6: اضافة /هايدوليك لتر | J6: العداد
A7: 1 | B7: المقر | C7: 7289 | D7: 45601 | E7: تغليف السياره بالكامل + تكحيل | F7: 100000 | G7: 1700 | H7: عبدالمهيمن | J7: 2750
A8: 3 | B8: المقر | C8: 7291 | D8: 45601 | E8: كامرة تسجيل طريق+رام | F8: 245000 | H8: عبدالمهيمن
A9: 4 | B9: المقر | C9: 7342 | D9: 45615 | E9: ارضيات | F9: 65000 | H9: عبدالمهيمن
A10: 5 | B10: المقر | C10: 8820 | D10: 45795 | E10: بطاريه | F10: 289000 | H10: هيثم قاسم
A11: 6 | C11: 17 | D11: 45663 | E11: دهن+فلاتر | F11: 172500 | H11: عمر رمضان | J11: 12200
A12: 7 | C12: 968 | D12: 14/2/2026 | E12: دهن+فلاتر | F12: 140000 | H12: عمر رمضان
A13: 6 | C13: 1401 | D13: 46361 | E13: دهن+فلاتر | F13: 114500 | H13: عمر رمضان
A14: 9
A15: 10
A16: 11
A17: 12
A18: 13
A19: 14
A20: 15
A21: 16
A22: 17
A23: 18
A24: 19
A25: 20
... A35: 30
B36: المجموع الكلي | F36: =SUM(F7:F35) -> 1126000 | G36: =SUM(G7:G35) -> 1700

Sheet راف فور
A1: صيانة الاليات
A2: 7 | B2: تويوتا راف فور | E2: الموديل | F2: 2024 | H2: الموقع: | I2: المقر | K2: رجوع الى جدول الاليات
B3: رقمها : | C3: 11 Q 51965 | E3: المالك | F3: القبس | H3: مسؤول الالية : | I3: هيثم قاسم
B5: الشهر | C5: 2025/31/07 | E5: العداد السابق | F5: =J7 -> 4000 | H5: العداد النهائي : | I5: =MAX(J7:J141) -> 20000
A6: # | B6: اسم السائق / المسؤول | C6: رقم الوصل | D6: تاريخ | E6: تفاصيل الصيانه | F6: المبلغ دينار | G6: المبلغ $ | H6: مسؤول الصيانه | I6: اضافة هايدوليك / لتر | J6: العداد
A7: 1 | B7: هيثم قاسم | C7: 7860 | D7: 45708 | E7: دهن+فلتر | F7: 37500 | H7: عمر رمضان | J7: 4000
A8: 3 | B8: هيثم قاسم | C8: 9197 | D8: 45847 | E8: غسل+دهن+فلتر | F8: 69000 | H8: عمر رمضان | J8: 10000
A9: 4 | B9: هيثم قاسم | C9: 222 | D9: 45668 | E9: دهن+فلتر | F9: 54000 | H9: عمر رمضان | J9: 15000
A10: 5 | B10: هيثم قاسم | C10: 1111 | D10: 46298 | E10: تصليح جامه اماميه+دهن وفلتر+تبديل شاشه رئيسيه | F10: 507000 | H10: هيثم قاسم | J10: 20000
A11: 6
A12: 7
A13: 6
A14: 9
A15: 10
A16: 11
A17: 12
A18: 13
A19: 14
A20: 15
A21: 16
A22: 17
... A35: 30
B36: المجموع الكلي | F36: =SUM(F7:F35) -> 667500 | G36: =SUM(G7:G35) -> 0

Sheet تويوتا بكب 28332
A1: صيانة الاليات
A2: 8 | B2: تويوتا هايلوكس دبل كابينة - بيك اب | E2: الموديل | F2: 2013 | H2: الموقع: | K2: رجوع الى جدول الاليات
B3: رقمها : | C3: 28332 أ بغداد | E3: المالك | F3: شركة سمو بغداد | H3: مسؤول الالية :
B5: الشهر | C5: 2025/31/07 | E5: العداد السابق | H5: العداد النهائي : | I5: =MAX(J7:J141) -> 0
A6: # | B6: اسم السائق / المسؤول | C6: رقم الوصل | D6: تاريخ | E6: تفاصيل الصيانه | F6: المبلغ دينار | G6: المبلغ $ | H6: مسؤول الصيانه | I6: اضافة /هايدوليك لتر | J6: العداد
A7: 1 | B7: محمد فوزي | C7: 4598 | D7: 45019 | E7: تصليح + بانزين | F7: 125000 | H7: محمد فوزي
A8: 2 | B8: محمد فوزي | C8: 4666 | E8: تصليح + بانزين | F8: 50000 | H8: محمد فوزي
A9: 3 | B9: محمد فوزي | C9: 5014 | D9: 44932 | E9: بانزين + تصليح بريك | F9: 307000 | H9: محمد فوزي
A10: 4 | B10: محمد فوزي | C10: 5165 | D10: 44992 | E10: تصليح + بانزين | F10: 334000 | H10: محمد فوزي
A11: 5 | B11: محمد فوزي | C11: 5365 | D11: 45268 | E11: صيانه | F11: 310000 | H11: علي غازي
A12: 6 | B12: عبدالمهيمن | C12: 5707 | D12: 31/10/2023 | E12: بانزين + غسل | F12: 37000 | H12: عبدالمهيمن
A13: 7 | B13: عبدالمهيمن | C13: 5753 | D13: 45149 | E13: تصليح + بانزين | F13: 201000 | H13: عبدالمهيمن
A14: 8 | B14: عبدالمهيمن | C14: 5771 | D14: 15/11/2023 | E14: تصليح + بانزين | F14: 570000 | H14: عبدالمهيمن
A15: 9 | B15: عبدالمهيمن | C15: 6013 | D15: 45383 | E15: تصليح | F15: 155000 | H15: شاكر محمود
A16: 10 | B16: عبدالمهيمن | C16: 6286 | D16: 45325 | E16: صيانه + بانزين | F16: 391000 | H16: عبدالمهيمن
A17: 11 | B17: عبدالمهيمن | C17: 6356 | D17: 45326 | E17: ميزانيه | F17: 30000 | H17: عبدالمهيمن
A18: 12 | B18: عبدالمهيمن | C18: 6518 | D18: 19/5/2024 | E18: تنظيف غرفة احتراق | F18: 100000 | H18: عبدالمهيمن
A19: 13 | B19: عبدالمهيمن | C19: 6565 | E19: فيت بم اصلي+قبغ تانكي+فيشه+عمل | F19: 290000 | H19: عبدالمهيمن
A20: 14 | B20: عبدالمهيمن | C20: 6938 | D20: 45526 | E20: تبديل فلتر بنزين+تبريد | F20: 60000 | H20: عبدالمهيمن
A21: 15 | B21: عبدالمهيمن | C21: 6980 | D21: 45536 | E21: اجور تبديل نوزلات | F21: 25000 | H21: عبدالمهيمن
A22: 16 | B22: عبدالمهيمن | C22: 7071 | D22: 45560 | E22: نوزلات طخم | F22: 400000 | H22: علي غازي
A23: 17 | B23: عبدالمهيمن | C23: 7285 | D23: 45596 | E23: تبديل عنبار بريك+دهن+دهن محرك و فلتر+جامه اماميه | F23: 269000 | H23: شاكر محمود
A24: 18 | B24: عبدالمهيمن | C24: 7860 | D24: 45708 | E24: دهن+فلتر | F24: 37750 | H24: عمر رمضان
A25: 19 | C25: 9738 | D25: 45913 | E25: دسكات+بولبرن امامي+بنزات+كريز+تصفير فلنجات+اجور عمل | F25: 321000 | H25: علي غازي
A26: 20 | C26: 1093 | D26: 46086 | E26: لايت+جاملغ+ماسكه+كفر مرايه | F26: 335000 | H26: علي غازي
A27: 21 | C27: 1093 | D27: 46086 | E27: اطارات | F27: 265000 | H27: علي غازي
A28: 22
A29: 23
A30: 24
A31: 25
A32: 26
A33: 27
A34: 28
A35: 29
A36: 30
A37: 31
A38: 32
A39: 33
... A54: 48
B55: المجموع الكلي | F55: =SUM(F7:F54) -> 4612750 | G55: =SUM(G7:G54) -> 0

Sheet تويوتا بكب 88646
A1: صيانة الاليات
A2: 10 | B2: تويوتا هايلوكس دبل كابينة - بيك اب | E2: الموديل | H2: الموقع: | K2: رجوع الى جدول الاليات
B3: رقمها : | C3: 88646 و بغداد | E3: المالك | F3: شركة القبس | H3: مسؤول الالية :
B5: الشهر | C5: 2025/31/07 | E5: العداد السابق | H5: العداد النهائي : | I5: =MAX(J7:J141) -> 0
A6: # | B6: اسم السائق / المسؤول | C6: رقم الوصل | D6: تاريخ | E6: تفاصيل الصيانه | F6: المبلغ دينار | G6: المبلغ $ | H6: مسؤول الصيانه | I6: اضافة /هايدوليك لتر | J6: العداد
A7: 1 | B7: م.مروان مصطفى | C7: 4608 | E7: تصليح + بنزين | F7: 435000 | H7: م.مروان مصطفى
A8: 2 | B8: م.مروان مصطفى | C8: 4776 | D8: 45142 | E8: فلاتر هواء+بنزين | F8: 30000 | H8: م.مروان مصطفى
A9: 3 | B9: م.مروان مصطفى | C9: 5334 | D9: 45054 | E9: تصليح تبريد | F9: 275000 | H9: م.مروان مصطفى
A10: 4 | B10: م.مروان مصطفى | C10: 5846 | D10: 44969 | E10: ماء راديتر | F10: 30000 | H10: م.مروان مصطفى
A11: 5 | C11: 6317 | D11: 23/3/2024 | E11: جامه امامي | F11: 75000 | H11: علي غازي
A12: 6 | C12: 7071 | D12: 45560 | E12: بطاريه | F12: 60000 | H12: علي غازي
A13: 7 | D13: 45580 | E13: دهن+فلتر25/9+14/10 | F13: 130000 | H13: علي غازي
A14: 8 | C14: 7272 | D14: 45599 | E14: دهن + فلتر | F14: 65000 | H14: علي غازي
A15: 9 | C15: 7348 | D15: 45619 | E15: تبديل اطارات امامي مع البلنص | F15: 20000 | G15: 150 | H15: علي غازي
A16: 10 | C16: 7580 | D16: 45649 | E16: دسكات امامي+زوج اطارات مع الشد وبلنص+ميزانيه | F16: 270000 | H16: علي غازي
A17: 11 | C17: 8060 | D17: 45739 | E17: دهن + فلتر + دوشمة مقاعد | F17: 172000 | H17: شاكر محمود
A18: 12 | B18: م.مروان مصطفى | C18: 8770 | D18: 45785 | E18: تبديل فيتبم+قاعده+ظفيره+غسل+اجور عمل | F18: 250000 | H18: مروان مصطفى
A19: 13 | B19: م.مروان مصطفى | C19: 8771 | D19: 45785 | E19: دهن + فلتر | F19: 65000 | H19: مروان مصطفى
A20: 14 | B20: م.مروان مصطفى | C20: 9339 | D20: 45862 | E20: دهن + فلتر | F20: 52000 | H20: عمر رمضان
A21: 15 | B21: م.مروان مصطفى | C21: 777 | D21: 13/1/2026 | E21: تصليح طوافه+عمل فتحة فيتبم | F21: 107000 | H21: مروان مصطفى
A22: 16
A23: 17
A24: 18
A25: 19
A26: 20
A27: 21
A28: 22
A29: 23
A30: 24
A31: 25
A32: 26
A33: 27
... A35: 29
B36: المجموع الكلي | F36: =SUM(F7:F35) -> 2036000 | G36: =SUM(G7:G35) -> 150

Sheet تويوتا بكب 71711
A1: صيانة الاليات
A2: 11 | B2: تويوتا هايلوكس دبل كابينة - بيك اب | E2: الموديل | F2: 2013 | H2: الموقع: | K2: رجوع الى جدول الاليات
B3: رقمها : | C3: 71711 أ بغداد | E3: المالك | F3: شركة سمو بغداد | H3: مسؤول الالية :
B5: الشهر | C5: 2025/31/07 | E5: العداد السابق | H5: العداد النهائي : | I5: =MAX(J7:J141) -> 0 | K5: الشهر :
A6: # | B6: اسم السائق / المسؤول | C6: رقم الوصل | D6: تاريخ | E6: تفاصيل الصيانه | F6: المبلغ دينار | G6: المبلغ $ | H6: مسؤول الصيانه | I6: اضافة /هايدوليك لتر | J6: العداد
A7: 4 | C7: 5488 | D7: 16/9/2023 | E7: اطارات | F7: 540000 | H7: علي غازي
A8: 5 | C8: 1281 | D8: 18/4/2026 | E8: زوج اطارات | F8: 255000 | H8: علي غازي
A9: 6
A10: 7
A11: 8
A12: 9
A13: 10
A14: 11
A15: 12
A16: 13
A17: 14
A18: 15
A19: 16
A20: 17
... A33: 30
B34: المجموع الكلي | F34: =SUM(F7:F33) -> 795000 | G34: =SUM(G7:G33) -> 0

Sheet تويوتا بكب 9364
A1: صيانة الاليات
A2: 13 | B2: تويوتا هايلوكس دبل كابينة - بيك اب | E2: الموديل | F2: 2011 | H2: الموقع: | K2: رجوع الى جدول الاليات
B3: رقمها : | C3: بصرة 9364 | E3: المالك | F3: شركة القبس | H3: مسؤول الالية :
B5: الشهر | C5: 2025/31/07 | E5: العداد السابق | H5: العداد النهائي : | I5: =MAX(J7:J141) -> 0
A6: # | B6: اسم السائق / المسؤول | C6: رقم الوصل | D6: تاريخ | E6: تفاصيل الصيانه | F6: المبلغ دينار | G6: المبلغ $ | H6: مسؤول الصيانه | I6: اضافة /هايدوليك لتر | J6: العداد
A7: 1 | C7: قيد رقم 83 | E7: صيانه + وقود | F7: 184750
A8: 2 | C8: 5922 | D8: 20/12/2023 | E8: بطاريه | F8: 85000 | H8: علي غازي
A9: 3 | C9: 6049 | D9: 13/1/2024 | E9: صيانه | F9: 3745000 | H9: علي غازي
A10: 4 | C10: 7658 | D10: 45662 | E10: تجفيت+ملحقاته+اجور عمل+عمل راديتر | F10: 1480000 | H10: علي غازي
A11: 5 | C11: 7757 | D11: 45682 | E11: بلكات+نوزل+عمل صيانه | F11: 160000 | H11: شاكر محمود
A12: 6 | C12: 9738 | D12: 45913 | E12: عنبار ويل خلفي+عنبار بريك+دهن بريك+بور ستيرن+لاستيك ولف+جبنة تايمن+جبنة بيرن+دهن وفلتر+روله وضاغطه+سيليكون+كازكيت+بلكات+ماء راديتر+فلتر شوته+فلتر بنزين+قايش محرك+رولة تبريد+واشر نوزل+دهن بور ستيرن+تخم نوزلات+حساس صالنصه+حساس في في تي كور+اجور عمل كور+اجور عمل تجفيت محرك | F12: 1735000 | H12: علي غازي
A13: 7 | C13: 101 | D13: 45948 | E13: جامه اماميه+اجور عمل+دهن+جبنه | F13: 185000 | H13: علي غازي
A14: 8
A15: 9
A16: 10
A17: 11
A18: 12
A19: 13
A20: 14
A21: 15
A22: 16
A23: 17
A24: 18
A25: 19
... A36: 30
B37: المجموع الكلي | F37: =SUM(F7:F36) -> 7574750 | G37: =SUM(G7:G36) -> 0

Sheet تويوتا بكب 38020
A1: صيانة الاليات
A2: 14 | B2: تويوتا هايلوكس دبل كابينة - بيك اب | E2: الموديل | F2: 2008 | H2: الموقع: | K2: رجوع الى جدول الاليات
B3: رقمها : | C3: 11 H 38020 | E3: المالك | F3: شركة القبس | H3: مسؤول الالية :
B5: الشهر | C5: 2025/31/07 | E5: العداد السابق | H5: العداد النهائي : | I5: =MAX(J7:J141) -> 0
A6: # | B6: اسم السائق / المسؤول | C6: رقم الوصل | D6: تاريخ | E6: تفاصيل الصيانه | F6: المبلغ دينار | G6: المبلغ $ | H6: مسؤول الصيانه | I6: اضافة /هايدوليك لتر | J6: العداد
A7: 1 | B7: علي غازي | C7: 4560 | D7: 25/2/2023 | E7: اطارات | F7: 482000 | H7: علي غازي
A8: 2 | C8: قيد 43 | D8: 44929 | E8: صيانه عامه | F8: 460000
A9: 3 | C9: 6145 | D9: 31/1/2024 | E9: تجفيت | F9: 1889000 | H9: علي غازي
A10: 4 | C10: 5922 | D10: 20/12/2023 | E10: دهن+فلتر+بنزين مرتين | F10: 104000 | H10: علي غازي
A11: 5 | C11: 7580 | D11: 45649 | E11: بطاريه | F11: 85000 | H11: علي غازي
A12: 6 | C12: 9551 | D12: 45883 | E12: دهن+فلتر | F12: 48000 | H12: شاكر محمود
A13: 7 | C13: 9762 | D13: 45914 | E13: دهن+فلتر | F13: 43000 | H13: شاكر محمود
A14: 8 | C14: 9875 | D14: 45927 | E14: تصليح منظومة وقود+تبديل جامه امامي | F14: 205000 | H14: شاكر محمود
A15: 9
A16: 10
A17: 11
A18: 12
A19: 13
A20: 14
A21: 15
A22: 16
A23: 17
A24: 18
A25: 19
A26: 20
... A35: 29
B36: المجموع الكلي | F36: =SUM(F7:F35) -> 3316000 | G36: =SUM(G7:G35) -> 0

Sheet H 68461 تويوتا بكب
A1: صيانة الاليات
A2: 15 | B2: تويوتا هايلوكس دبل كابينة - بيك اب | E2: الموديل | F2: 2025 | H2: الموقع: | K2: رجوع الى جدول الاليات
B3: رقمها : | C3: 11 H 68461 | E3: المالك | F3: القبس | H3: مسؤول الالية :
B5: الشهر | C5: 2025/31/07 | E5: العداد السابق | H5: العداد النهائي : | I5: =MAX(J7:J141) -> 0
A6: # | B6: اسم السائق / المسؤول | C6: رقم الوصل | D6: تاريخ | E6: تفاصيل الصيانه | F6: المبلغ دينار | G6: المبلغ $ | H6: مسؤول الصيانه | I6: اضافة /هايدوليك لتر | J6: العداد
A7: 1 | B7: ياسر | D7: 45939 | E7: دهن+فلتر | H7: ياسر | K7: صيانه مجانيه
A8: 3
A9: 4
A10: 5
A11: 6
A12: 7
A13: 6
A14: 9
A15: 10
A16: 11
A17: 12
A18: 13
A19: 14
... A99: 94
F100: =SUM(F7:F99) -> 0 | G100: =SUM(G7:G99) -> 0

Sheet H 83043 تويوتا بكب 
A1: صيانة الاليات
A2: 16 | B2: تويوتا هايلوكس دبل كابينة - بيك اب | E2: الموديل | F2: 2025 | H2: الموقع: | K2: رجوع الى جدول الاليات
B3: رقمها : | C3: 11 H 83043 | E3: المالك | F3: خالد علي | H3: مسؤول الالية : | I3: علي غازي
B5: الشهر | C5: 2025/31/07 | E5: العداد السابق | H5: العداد النهائي : | I5: =MAX(J7:J141) -> 0
A6: # | B6: اسم السائق / المسؤول | C6: رقم الوصل | D6: تاريخ | E6: تفاصيل الصيانه | F6: المبلغ دينار | G6: المبلغ $ | H6: مسؤول الصيانه | I6: اضافة /هايدوليك لتر | J6: العداد
A7: 1 | C7: 8981 | D7: 45813 | E7: تبديل دسكات امامي + تبديل جامه اماميه ايسر | F7: 269000 | H7: علي غازي
A8: 3 | C8: 9203 | D8: 45848 | E8: صيانه دوريه | F8: 48000 | H8: علي غازي
A9: 4 | C9: 9638 | D9: 45900 | E9: دسك امامي+اجور عمل | F9: 110000 | H9: علي غازي
A10: 5 | C10: 9920 | D10: 45931 | E10: تبديل دهن+فلتر+دسكات+اجور عمل | F10: 416000 | H10: علي غازي
A11: 6 | C11: 101 | D11: 18/10/2025 | E11: دهن+فلتر | F11: 95000 | H11: علي غازي
A12: 7 | C12: 343 | D12: 45983 | E12: تبديل دهن+فلتر+دسكات+اجور عمل | F12: 210000 | H12: علي غازي
A13: 6 | C13: 615 | D13: 46018 | E13: اطار+دهن و فلتر | F13: 94000 | G13: 220 | H13: علي غازي
A14: 9 | C14: 1093 | D14: 46086 | E14: دهن+فلاتر+ادامه | F14: 226320 | H14: علي غازي
A15: 10 | C15: 1281 | D15: 18/4/2026 | E15: دسك امامي+تصفير فلنجات+اجور عمل | F15: 150000 | H15: علي غازي
A16: 11
A17: 12
A18: 13
A19: 14
A20: 15
A21: 16
A22: 17
A23: 18
A24: 19
A25: 20
A26: 21
A27: 22
... A109: 104
F110: =SUM(F7:F109) -> 1618320 | G110: =SUM(G7:G109) -> 220

Sheet 2025 تويوتا بكب (2)
A1: صيانة الاليات
A2: 15 | B2: تويوتا هايلوكس دبل كابينة - بيك اب | E2: الموديل | F2: 2025 | H2: الموقع: | K2: رجوع الى جدول الاليات
B3: رقمها : | C3: 11 H 68461 | E3: المالك | F3: القبس | H3: مسؤول الالية :
B5: الشهر | C5: 2025/31/07 | E5: العداد السابق | H5: العداد النهائي : | I5: =MAX(J7:J141) -> 0
A6: # | B6: اسم السائق / المسؤول | C6: رقم الوصل | D6: تاريخ | E6: تفاصيل الصيانه | F6: المبلغ دينار | G6: المبلغ $ | H6: مسؤول الصيانه | I6: اضافة /هايدوليك لتر | J6: العداد
A7: 1
A8: 3
A9: 4
A10: 5
A11: 6
A12: 7
A13: 6
A14: 9
A15: 10
A16: 11
A17: 12
A18: 13
... A99: 94
F100: =SUM(F7:F99) -> 0 | G100: =SUM(G7:G99) -> 0

Sheet 2025 تويوتا بكب (3)
A1: صيانة الاليات
A2: 15 | B2: تويوتا هايلوكس دبل كابينة - بيك اب | E2: الموديل | F2: 2025 | H2: الموقع: | K2: رجوع الى جدول الاليات
B3: رقمها : | C3: 11 H 68461 | E3: المالك | F3: القبس | H3: مسؤول الالية :
B5: الشهر | C5: 2025/31/07 | E5: العداد السابق | H5: العداد النهائي : | I5: =MAX(J7:J141) -> 0
A6: # | B6: اسم السائق / المسؤول | C6: رقم الوصل | D6: تاريخ | E6: تفاصيل الصيانه | F6: المبلغ دينار | G6: المبلغ $ | H6: مسؤول الصيانه | I6: اضافة /هايدوليك لتر | J6: العداد
A7: 1
A8: 3
A9: 4
A10: 5
A11: 6
A12: 7
A13: 6
A14: 9
A15: 10
A16: 11
A17: 12
A18: 13
... A99: 94
F100: =SUM(F7:F99) -> 0 | G100: =SUM(G7:G99) -> 0

Sheet 2025 تويوتا بكب (4)  
A1: صيانة الاليات
A2: 15 | B2: تويوتا هايلوكس دبل كابينة - بيك اب | E2: الموديل | F2: 2025 | H2: الموقع: | K2: رجوع الى جدول الاليات
B3: رقمها : | C3: 11 H 68461 | E3: المالك | F3: القبس | H3: مسؤول الالية :
B5: الشهر | C5: 2025/31/07 | E5: العداد السابق | H5: العداد النهائي : | I5: =MAX(J7:J141) -> 0
A6: # | B6: اسم السائق / المسؤول | C6: رقم الوصل | D6: تاريخ | E6: تفاصيل الصيانه | F6: المبلغ دينار | G6: المبلغ $ | H6: مسؤول الصيانه | I6: اضافة /هايدوليك لتر | J6: العداد
A7: 1
A8: 3
A9: 4
A10: 5
A11: 6
A12: 7
A13: 6
A14: 9
A15: 10
A16: 11
A17: 12
A18: 13
... A99: 94
F100: =SUM(F7:F99) -> 0 | G100: =SUM(G7:G99) -> 0

Sheet تويوتا بكب 49923
A1: صيانة الاليات
A2: 20 | B2: تويوتا هايلوكس دبل كابينة - بيك اب | E2: الموديل | F2: 2009 | H2: الموقع: | K2: رجوع الى جدول الاليات
B3: رقمها : | C3: 49923 أ بغداد | E3: المالك | F3: شركة القبس | H3: مسؤول الالية :
B5: الشهر | C5: 2025/31/07 | E5: العداد السابق | H5: العداد النهائي : | I5: =MAX(J7:J141) -> 0
A6: # | B6: اسم السائق / المسؤول | C6: رقم الوصل | D6: تاريخ | E6: تفاصيل الصيانه | F6: المبلغ دينار | G6: المبلغ $ | H6: مسؤول الصيانه | I6: اضافة /هايدوليك لتر | J6: العداد
A7: 24 | B7: علي غازي | C7: 4266 | D7: 45047 | E7: إطارات | F7: 265000
A8: 25 | C8: 5166 | D8: 44992 | E8: تيب | F8: 80000 | H8: علي غازي
A9: 26 | C9: 5166 | D9: 44992 | E9: صيانة | F9: 190000 | H9: علي غازي
A10: 27 | C10: قيد 97 | D10: 45023 | E10: صيانه | F10: 75000
A11: 28 | C11: 6317 | D11: 23/3/2024 | E11: صيانه | F11: 340000 | H11: علي غازي
A12: 29 | C12: 6381 | D12: 13/4/2024 | E12: صدر امامي خلفي+بنزين+يدة باب +خط جانبي | F12: 1578000 | H12: علي غازي
A13: 30 | C13: 6861 | D13: 45451 | E13: بوش+بريس+اجور عمل+تصليح داينمو | F13: 215000 | H13: علي غازي
A14: 31 | C14: 7071 | D14: 45560 | E14: واشر غطاس+جهاز انذار+فيتبم مع فلتر+اجور عمل | F14: 175000 | H14: علي غازي
A15: 32 | C15: 9450 | D15: 45876 | E15: دسكات امامي+فحص جهاز+غسل+بنجر+جادر | F15: 148000 | H15: شاكر محمود
A16: 33 | C16: 9638 | D16: 45900 | E16: اطارات | F16: 230000 | H16: علي غازي
A17: 34 | C17: 615 | D17: 46018 | E17: دهن+فلتر+لايت+بلوجكترات+شباك امامي | F17: 295000 | H17: علي غازي
A18: 35
A19: 36
A20: 37
A21: 38
A22: 39
A23: 40
A24: 41
A25: 42
A26: 43
A27: 44
A28: 45
A29: 46
... A38: 55
B39: المجموع الكلي | F39: =SUM(F7:F38) -> 3591000 | G39: =SUM(G7:G38) -> 0

Sheet كيا 87740
A1: صيانة الاليات
A2: 21 | B2: كيا دبل قمارة | E2: الموديل | F2: 2019 | H2: الموقع: | K2: رجوع الى جدول الاليات
B3: رقمها : | C3: 11 H 87740 | E3: المالك | F3: شركة القبس | H3: مسؤول الالية :
B5: الشهر | C5: 2025/31/07 | E5: العداد السابق | H5: العداد النهائي : | I5: =MAX(J7:J141) -> 0
A6: # | B6: اسم السائق / المسؤول | C6: رقم الوصل | D6: تاريخ | E6: تفاصيل الصيانه | F6: المبلغ دينار | G6: المبلغ $ | H6: مسؤول الصيانه | I6: اضافة /هايدوليك لتر | J6: العداد
A7: 1 | C7: قيد 15 | D7: 45414 | E7: صيانه | F7: 726000
A8: 2 | C8: 6263 | D8: 45325 | E8: كيلون جامه عدد2 | F8: 80000 | H8: علي غازي
A9: 3 | C9: 6317 | D9: 23/3/2024 | E9: صيانه | F9: 507000 | H9: علي غازي
A10: 4 | C10: 6381 | D10: 13/4/2024 | E10: دعاميه اماميه+لايت+براكيت+ماسكه+ارضيات+كلبسات+غسل كيا+بولش + سمكره | F10: 1010000 | H10: علي غازي
A11: 5 | C11: 6705 | D11: 45329 | E11: تجديد سنويه + غرامه | F11: 505000 | H11: ابومروان
A12: 6 | D12: 45580 | E12: صيانه+كاز | F12: 86000 | H12: علي غازي
A13: 7 | C13: 7272 | D13: 45599 | E13: دهن + فلتر | F13: 45000 | H13: علي غازي
A14: 8 | C14: 7348 | D14: 45619 | E14: زوج اطارات | F14: 165000 | H14: علي غازي
A15: 9 | C15: 7587 | D15: 45650 | E15: دهن+فلتر+غسل +بلك حماوه | F15: 78000 | H15: علي غازي
A16: 10 | C16: 7882 | D16: 45705 | E16: بطاريه | F16: 100000 | H16: علي غازي
A17: 11 | C17: 8062 | D17: 45739 | E17: دعاميه اماميه+مرايات اشاره | F17: 105000 | H17: علي غازي
A18: 12 | C18: 8713 | D18: 45777 | E18: زوج اطارات | F18: 285000 | H18: علي غازي
A19: 13 | C19: 9087 | D19: 45836 | E19: مدكه | F19: 25000 | H19: علي غازي
A20: 14 | C20: 9539 | D20: 45890 | E20: اكسل+دعاميه خلفيه | F20: 320000 | H20: علي غازي
A21: 15 | C21: 303 | D21: 45977 | E21: جامه اماميه | F21: 75000 | H21: علي غازي
A22: 16 | C22: 615 | D22: 46018 | E22: زوج اطارات+دهن وفلتر+سلف كيا | F22: 307000 | H22: علي غازي
A23: 17
B24: المجموع الكلي | F24: =SUM(F7:F23) -> 4419000 | G24: =SUM(G7:G23) -> 0

Sheet كيا 84103
A1: صيانة الاليات
A2: 22 | B2: كيا قمارة | E2: الموديل | F2: 2019 | H2: الموقع: | K2: رجوع الى جدول الاليات
B3: رقمها : | C3: 84103 هـ بغداد | E3: المالك | F3: شركة القبس | H3: مسؤول الالية :
B5: الشهر | C5: 2025/31/07 | E5: العداد السابق | H5: العداد النهائي : | I5: =MAX(J7:J176) -> 0
A6: # | B6: اسم السائق / المسؤول | C6: رقم الوصل | D6: تاريخ | E6: تفاصيل الصيانه | F6: المبلغ دينار | G6: المبلغ $ | H6: مسؤول الصيانه | I6: اضافة /هايدوليك لتر | J6: العداد
A7: 1 | B7: علي غازي | C7: 4266 | D7: 45047 | E7: إطارات | F7: 290000 | H7: علي غازي
A8: 2 | B8: يوسف حسام | D8: 45047 | E8: دهن محرك ,اجور عمل | F8: 45000 | H8: هيلان ابراهيم
A9: 3 | B9: عمر جواد | D9: 6-8-22023 | E9: تبديل دهن + فلتر | F9: 30000 | H9: هيلان ابراهيم
A10: 4 | C10: 4880 | D10: 45082 | E10: بلك حماوه + اجور عمل | F10: 60000 | H10: علي غازي
A11: 5 | C11: 4880 | D11: 45082 | E11: صيانه | F11: 170000 | H11: علي غازي
A12: 6 | C12: 4984 | D12: 27/5/2023 | E12: صيانه | F12: 73000 | H12: علي غازي
A13: 7 | C13: 5596 | D13: 45117 | E13: صيانة | F13: 242000 | H13: علي غازي
A14: 8 | C14: 5666 | D14: 22/10/2023 | E14: صيانة | F14: 299000 | H14: علي غازي
A15: 9 | C15: 6049 | D15: 13/1/2024 | E15: صيانه | F15: 175000 | H15: علي غازي
A16: 10 | C16: 6145 | D16: 31/1/2024 | E16: صيانه | F16: 1910000 | H16: علي غازي
A17: 11 | C17: قيد 8 | D17: 45293 | E17: دهن | F17: 58500
A18: 12 | C18: 6861 | D18: 45451 | E18: اطارات اماميه | F18: 290000 | H18: علي غازي
A19: 13 | C19: 7829 | D19: 45696 | E19: بوش+لاستيك سبرنك+فايرات+اجور عمل | F19: 70000 | H19: علي غازي
A20: 14 | C20: 7882 | D20: 45705 | E20: دسكات+اجور عمل | F20: 70000 | H20: علي غازي
A21: 15 | C21: 8062 | D21: 45739 | E21: اطارات | F21: 335000 | H21: علي غازي
A22: 16 | C22: 8850 | D22: 45798 | E22: تصليح بريك+صليب ستيرن | F22: 393000 | H22: علي غازي
A23: 17 | C23: 8981 | D23: 45813 | E23: زوج اطارات+دهن+جك+حبل | F23: 153000 | H23: علي غازي
A24: 18 | C24: 9087 | D24: 45836 | E24: تبديل فريز+هزاز صالنصه+عمل | F24: 305000 | H24: علي غازي
A25: 19 | C25: 9203 | D25: 45848 | E25: تبديل نوزلات | F25: 410000 | H25: علي غازي
A26: 20 | C26: 9434 | D26: 45874 | E26: قوايش | F26: 67000 | H26: علي غازي
A27: 21
A28: 22
A29: 23
A30: 24
A31: 25
A32: 26
A33: 27
A34: 28
A35: 29
A36: 30
A37: 31
A38: 32
... A66: 60
B67: المجموع الكلي | F67: =SUM(F7:F66) -> 5445500 | G67: =SUM(G7:G66) -> 0

Sheet كيا 87065
A1: صيانة الاليات
A2: 23 | B2: كيا دبل قمارة | E2: الموديل | F2: 2013 | H2: الموقع: | K2: رجوع الى جدول الاليات
B3: رقمها : | C3: 87065 ك بغداد | E3: المالك | F3: شركة القبس | H3: مسؤول الالية :
B5: الشهر | C5: 2025/31/07 | E5: العداد السابق | H5: العداد النهائي : | I5: =MAX(J7:J141) -> 0
A6: # | B6: اسم السائق / المسؤول | C6: رقم الوصل | D6: تاريخ | E6: تفاصيل الصيانه | F6: المبلغ دينار | G6: المبلغ $ | H6: مسؤول الصيانه | I6: اضافة /هايدوليك لتر | J6: العداد
A7: 1 | B7: حسن محمود عيادة | D7: 44934 | E7: اجور تبدل دهن , تدوير اطارت , بلنص | F7: 19000 | H7: هيلان ابراهيم
A8: 2 | B8: حسن محمود عيادة | D8: 44948 | E8: تبدل اطارات + ولف اطار | F8: 10000 | H8: حسن محمود
A9: 3 | B9: حسن محمود عيادة | D9: 44957 | E9: بنز خلفي , عمل تصفير فلنجة , جبنة ويل خلفي صغيرة , كريز , اجرة فيتر | F9: 93000 | H9: هيلان ابراهيم
A10: 4 | B10: يوسف حسام | D10: 45048 | E10: هورن 12 فولت | F10: 20000 | H10: هيلان ابراهيم
A11: 5 | B11: حسن محمود عيادة | D11: 45052 | E11: تبديل عنبار كلج | F11: 20000 | H11: هيلان ابراهيم
A12: 6 | B12: حسن محمود عيادة | D12: 45076 | E12: تعديل ميزانية + بلنص + تدوير اطارات | F12: 9000 | H12: هيلان ابراهيم
A13: 7 | B13: عمر جواد | D13: 45092 | E13: دسك امامي , بولبرن كير , جبنة امامي | F13: 95000 | H13: هيلان ابراهيم
A14: 8 | B14: عمر جواد | D14: 45194 | E14: بولبرن اطار امامي | F14: 20000 | H14: هيلان ابراهيم
A15: 9 | B15: عمر جواد | D15: 45203 | E15: شراء سلف | F15: 80000 | H15: هيلان ابراهيم
A16: 10 | B16: عمر جواد | D16: 45225 | E16: شراء جوين راديتر , شراء دسكات اصلي , تصليح صدر سيارة | F16: 143000 | H16: هيلان ابراهيم
A17: 11 | D17: 45242 | E17: قوايش + رولة + تصفير فلنجة + دسكات + اجور عمل | F17: 100000 | H17: هيلان ابراهيم
A18: 12 | C18: 5922 | D18: 20/12/2023 | E18: اجور عمل تجفيت محرك+بريك+تبديل فيتبم+اجور عمل كور+اجور عمل كهربائي تبديل بلكات حماوه+تبديل داينمو+كيلون بنيد+فان بنكو+نوزلات+صدر+كماليات+تجفيت | F18: 3608000 | H18: علي غازي
A19: 13 | C19: 6145 | D19: 31/1/2024 | E19: غلاف بدي+كهربائيات+كشنات+جاملغات+دعاميه+شباك+ترايش جام+غلاف سماعه+جام امامي+صدر+ربلات+دركة ستيرن+اجور عمل | F19: 2623000 | H19: علي غازي
A20: 14 | C20: 6263 | D20: 45325 | E20: صيانه | F20: 420000 | H20: علي غازي
A21: 15 | C21: 6758 | D21: 14/7/2024 | E21: اطار | F21: 185000 | H21: علي غازي
A22: 16 | C22: 7829 | D22: 45696 | E22: ويل خلفي+اطارات+فلنجات اماميه | F22: 295000 | H22: علي غازي
A23: 17 | C23: 8981 | D23: 45813 | E23: يدة باب | F23: 25000 | H23: علي غازي
A24: 18 | C24: 9539 | D24: 45890 | E24: واير+بوش | F24: 45000 | H24: علي غازي
A25: 19 | C25: 9738 | D25: 45913 | E25: كمبريسر | F25: 200000 | H25: علي غازي
A26: 20
A27: 21
A28: 22
A29: 23
A30: 24
A31: 25
A32: 26
A33: 27
A34: 28
A35: 29
A36: 30
A37: 31
... A78: 72
B79: المجموع الكلي | F79: =SUM(F7:F78) -> 8010000 | G79: =SUM(G7:G78) -> 0

Sheet كيا  68783 
A1: صيانة الاليات
A2: 24 | B2: كيا دبل قمارة | E2: الموديل | F2: 2013 | H2: الموقع: | K2: رجوع الى جدول الاليات
B3: رقمها : | C3: 68783 أ بغداد | E3: المالك | F3: شركة سمو بغداد | H3: مسؤول الالية :
B5: الشهر | C5: 2025/31/07 | E5: العداد السابق | H5: العداد النهائي : | I5: =MAX(J7:J141) -> 0
A6: # | B6: اسم السائق / المسؤول | C6: رقم الوصل | D6: تاريخ | E6: تفاصيل الصيانه | F6: المبلغ دينار | G6: المبلغ $ | H6: مسؤول الصيانه | I6: اضافة /هايدوليك لتر | J6: العداد
A7: 1 | B7: عمر جواد | D7: 45049 | E7: بطل تبريد , ماطور بنكة , غاز , قايش , بخاخ , اجور عمل فيتر | F7: 290000 | H7: هيلان ابراهيم
A8: 2 | B8: عمر جواد | D8: 45074 | E8: تصليح داينمو | F8: 35000 | H8: هيلان ابراهيم
A9: 3 | B9: عمر جواد | D9: 45081 | E9: شريط ستيرن , هورنات, كتف هورن , اجور عمل | F9: 55000 | H9: هيلان ابراهيم
A10: 4 | B10: عمر جواد | D10: 45081 | E10: دشلي , بلاتين , فحمات , اجور عمل | F10: 50000 | H10: هيلان ابراهيم
A11: 5 | B11: عمر جواد | D11: 45088 | E11: شراء داينمو جديد , اجور عمل | F11: 120000 | H11: هيلان ابراهيم
A12: 6 | B12: عمر جواد | D12: 45203 | E12: قرص + عينة + بولبرن | F12: 130000 | H12: هيلان ابراهيم
A13: 7 | B13: عمر جواد | D13: 45223 | E13: تصليح صدر سيارة | F13: 194000 | H13: هيلان ابراهيم
A14: 8 | B14: هيلان ابراهيم | D14: 45276 | E14: شراء تخم جاملغات | F14: 40000 | H14: هيلان ابراهيم
A15: 9 | C15: 4984 | D15: 27/5/2023 | E15: صيانه | F15: 245000 | H15: علي غازي
A16: 10 | C16: 5365 | D16: 45268 | E16: صيانه | G16: 780 | H16: علي غازي
A17: 11 | C17: 5365 | D17: 45268 | E17: صيانه | F17: 363000 | H17: علي غازي
A18: 12 | C18: 7272 | D18: 45599 | E18: اطارات | F18: 190000 | H18: علي غازي
A19: 13 | C19: 8850 | D19: 45798 | E19: زوج اطارات | F19: 270000 | H19: علي غازي
A20: 14 | C20: 1428 | D20: 18/5/2026 | E20: فان كيا | F20: 100000 | H20: علي غازي
A21: 15
A22: 16
A23: 17
A24: 18
A25: 19
A26: 20
A27: 21
A28: 22
A29: 23
A30: 24
A31: 25
A32: 26
... A48: 42
B49: المجموع الكلي | F49: =SUM(F7:F48) -> 2082000 | G49: =SUM(G7:G48) -> 780

Sheet كيا 80540
A1: صيانة الاليات
A2: 25 | B2: كيا قمارة | E2: الموديل | F2: 2012 | H2: الموقع: | K2: رجوع الى جدول الاليات
B3: رقمها : | C3: 80540 و بغداد | E3: المالك | F3: شركة القبس | H3: مسؤول الالية :
B5: الشهر | C5: 2025/31/07 | E5: العداد السابق | H5: العداد النهائي : | I5: =MAX(J7:J141) -> 0
A6: # | B6: اسم السائق / المسؤول | C6: رقم الوصل | D6: تاريخ | E6: تفاصيل الصيانه | F6: المبلغ دينار | G6: المبلغ $ | H6: مسؤول الصيانه | I6: اضافة /هايدوليك لتر | J6: العداد
A7: 1 | B7: علي نادي | D7: 45272 | E7: تبديل دهن , فلتر | F7: 37000 | H7: هيلان ابراهيم
A8: 2 | C8: قيد42 | D8: 28/2/2023 | E8: جامه اماميه | F8: 75000
A9: 3 | C9: 5075 | D9: 45266 | E9: تجديد سنويه | F9: 673000 | H9: ابو مروان
A10: 4 | C10: قيد 97 | D10: 45023 | E10: صيانة تبريد | F10: 730000
A11: 5 | C11: قيد 102 | D11: 23/7/2023 | E11: صيانه | F11: 132000
A12: 6 | C12: 6263 | D12: 45325 | E12: صيانه | F12: 3095000 | H12: علي غازي
A13: 7 | C13: 7587 | D13: 45650 | E13: سلف | F13: 100000 | H13: علي غازي
A14: 8 | C14: 7658 | D14: 45662 | E14: اطارات | F14: 295000 | H14: علي غازي
A15: 9 | C15: 7717 | D15: 45676 | E15: قوايش | F15: 25000 | H15: علي غازي
A16: 10 | C16: 7829 | D16: 45696 | E16: مثلث جامه | F16: 35000 | H16: علي غازي
A17: 11 | C17: 1158 | D17: 18/3/2026 | E17: زوج اطارات+اجور فيتر | F17: 435000 | H17: علي غازي
A18: 12
A19: 13
A20: 14
A21: 15
A22: 16
A23: 17
A24: 18
A25: 19
A26: 20
A27: 21
A28: 22
A29: 23
... A47: 41
B48: المجموع الكلي | F48: =SUM(F7:F47) -> 5632000 | G48: =SUM(G7:G47) -> 0

Sheet كيا 4462
A1: صيانة الاليات
A2: 26 | B2: كيا دبل قمارة | E2: الموديل | F2: 2009 | H2: الموقع: | K2: رجوع الى جدول الاليات
B3: رقمها : | C3: 4462 أ بغداد | E3: المالك | F3: شركة القبس | H3: مسؤول الالية :
B5: الشهر | C5: 2025/31/07 | E5: العداد السابق | H5: العداد النهائي : | I5: =MAX(J7:J230) -> 0
A6: # | B6: اسم السائق / المسؤول | C6: رقم الوصل | D6: تاريخ | E6: تفاصيل الصيانه | F6: المبلغ دينار | G6: المبلغ $ | H6: مسؤول الصيانه | I6: اضافة /هايدوليك لتر | J6: العداد
A7: 1 | B7: مازن سامي | D7: 44929 | E7: فلتر دهن, سي اويل , فلتر كاز , هيدروليم | F7: 14000 | H7: هيلان ابراهيم
A8: 2 | B8: مازن سامي | D8: 44929 | E8: تبديل دهن محرك | F8: 24000 | H8: هيلان ابراهيم
A9: 3 | C9: قيد 97 | D9: 45023 | E9: صيانة | F9: 188000
A10: 4 | C10: 6145 | D10: 31/1/2024 | E10: تجفيت صدر | F10: 485000 | H10: علي غازي
A11: 5 | C11: 6145 | D11: 31/1/2024 | E11: نوزلات+كور+تجفيت محرك+دهن وفلتر+سي اويل+قوايش+تجفيت بم+جوينات ماء+كماليات | F11: 1889000 | H11: علي غازي
A12: 6 | C12: 6263 | D12: 45325 | E12: واشر قبغ ولفات+كرين+ولف حماوه+كيلون+نرماده+قاعدة بلكات | F12: 375000 | H12: علي غازي
A13: 7 | C13: 6317 | D13: 23/3/2024 | E13: دوشمه+شريط جانبي+ارضيات+عمل صالنصه+كهربائيات مع اجور عمل+كماليات | F13: 1357000 | H13: علي غازي
A14: 8 | C14: 6488 | D14: 45601 | E14: اطارات+كماليات | F14: 290000 | H14: علي غازي
A15: 9 | C15: 7580 | D15: 45649 | E15: طبله+دسك | F15: 135000 | H15: علي غازي
A16: 10 | C16: 7587 | D16: 45650 | E16: طبله | F16: 85000 | H16: علي غازي
A17: 11 | C17: 7992 | D17: 45722 | E17: جاملغات+صالنصه | F17: 105000 | H17: علي غازي
A18: 12 | C18: 8152 | D18: 45760 | E18: كلج مروحه+مروحة تبريد | F18: 80000 | H18: علي غازي
A19: 13 | C19: 8850 | D19: 45798 | E19: عمبار كلج | F19: 15000 | H19: علي غازي
A20: 14 | C20: 9738 | D20: 45913 | E20: اطارات | F20: 165000 | H20: علي غازي
A21: 15
A22: 16
A23: 17
A24: 18
A25: 19
A26: 20
A27: 21
A28: 22
A29: 23
A30: 24
A31: 25
A32: 26
... A114: 108
B115: المجموع الكلي | F115: =SUM(F7:F114) -> 5207000 | G115: =SUM(G7:G114) -> 0

Sheet كيا 41711
A1: صيانة الاليات
A2: 27 | B2: كيا دبل قمارة | E2: الموديل | F2: 2019 | H2: الموقع: | K2: رجوع الى جدول الاليات
B3: رقمها : | C3: 41711 ط بغداد | E3: المالك | F3: شركة القبس | H3: مسؤول الالية :
B5: الشهر | C5: 2025/31/07 | E5: العداد السابق | H5: العداد النهائي : | I5: =MAX(J7:J141) -> 0
A6: # | B6: اسم السائق / المسؤول | C6: رقم الوصل | D6: تاريخ | E6: تفاصيل الصيانه | F6: المبلغ دينار | G6: المبلغ $ | H6: مسؤول الصيانه | I6: اضافة /هايدوليك لتر | J6: العداد
A7: 1 | B7: علي غازي | C7: 4266 | D7: 45047 | E7: صيانه | F7: 285000 | H7: علي غازي
A8: 2 | B8: عمر جواد | D8: 45073 | E8: تبديل دهن , فلتر دهن | F8: 60000 | H8: هيلان ابراهيم
A9: 3 | B9: عمر جواد | D9: 45173 | E9: تبديل دهن , فلتر , صبغ دعامية خلفية | F9: 110500 | H9: هيلان ابراهيم
A10: 4 | B10: عمر جواد | D10: 45241 | E10: تبديل دهن + فلاتر | F10: 42000 | H10: هيلان ابراهيم
A11: 5 | C11: 5122 | D11: 21/6/2023 | E11: اطارات | F11: 200000 | H11: علي غازي
A12: 6 | C12: قيد 97 | D12: 45023 | E12: صيانة تبريد | F12: 64000
A13: 7 | C13: قيد 102 | D13: 23/7/2023 | E13: صيانه | F13: 115000
A14: 8 | C14: قيد 102 | D14: 23/7/2023 | E14: صيانه | F14: 94000
A15: 9 | C15: قيد 128 | D15: 45270 | E15: دهن + غسل | F15: 35000
A16: 10 | C16: قيد 131 | D16: 22/10/2023 | E16: بنكة تبريد | F16: 78000
A17: 11 | C17: قيد 135 | D17: 45149 | E17: براغي صالنصه | F17: 33000
A18: 12 | C18: 6049 | D18: 13/1/2024 | E18: بطاريه | F18: 75000 | H18: علي غازي
A19: 13 | C19: 7430 | D19: 45631 | E19: دهن + فلتر+ غسل وتشحيم | F19: 48000 | H19: علي غازي
A20: 14 | C20: 8062 | D20: 45739 | E20: فريز+راديتر+هورن+قوايش+روله+عنبار+صليب طويل و قصير+دعاميه و براكيت+ماسكه+بروجكتور+غلاف ستيرن+اجور عمل | F20: 1028000 | H20: علي غازي
A21: 15 | C21: 8806 | D21: 45791 | E21: زوج اطارات | F21: 170000 | H21: علي غازي
A22: 16 | C22: 8981 | D22: 45813 | E22: زوج اطارات | F22: 190000 | H22: علي غازي
A23: 17 | C23: 960 | D23: 46358 | E23: بنيد | F23: 250000 | H23: علي غازي
A24: 18 | C24: 1093 | D24: 46086 | E24: شريط دبل قماره | F24: 50000 | H24: علي غازي
A25: 19 | C25: 1281 | D25: 18/4/2026 | E25: ماطور بنكو | F25: 25000 | H25: علي غازي
A26: 20 | C26: 1394 | D26: 46300 | E26: زوج اطارات | F26: 260000 | H26: علي غازي
A27: 21 | C27: 1428 | D27: 18/5/2026 | E27: دسكات | F27: 20000 | H27: علي غازي
A28: 22
A29: 23
A30: 24
A31: 25
A32: 26
A33: 27
A34: 28
A35: 29
A36: 30
A37: 31
A38: 32
A39: 33
... A46: 40
B47: المجموع الكلي | F47: =SUM(F7:F46) -> 3232500 | G47: =SUM(G7:G46) -> 0

Sheet كيا 46696
A1: صيانة الاليات
A2: 28 | B2: كيا دبل قمارة | E2: الموديل | F2: 2013 | H2: الموقع: | K2: رجوع الى جدول الاليات
B3: رقمها : | C3: 46696 هـ بغداد | E3: المالك | F3: شركة القبس | H3: مسؤول الالية :
B5: الشهر | C5: 2025/31/07 | E5: العداد السابق | H5: العداد النهائي : | I5: =MAX(J7:J141) -> 0
A6: # | B6: اسم السائق / المسؤول | C6: رقم الوصل | D6: تاريخ | E6: تفاصيل الصيانه | F6: المبلغ دينار | G6: المبلغ $ | H6: مسؤول الصيانه | I6: اضافة /هايدوليك لتر | J6: العداد
A7: 1 | C7: قيد 43 | D7: 45019 | E7: دهن و فلتر | F7: 35000
A8: 2 | C8: 5122 | D8: 21/6/2023 | E8: اطارات | F8: 75000 | H8: علي غازي
A9: 3 | C9: قيد 102 | D9: 23/7/2023 | E9: صيانه | F9: 138000
A10: 4 | C10: قيد 105 | D10: 44993 | E10: تصليح صدر | F10: 62000
A11: 5 | C11: 5350 | D11: 45146 | E11: تجديد سنويه | F11: 725000
A12: 6 | C12: 5365 | D12: 45268 | E12: جوزة حماوه | F12: 50000 | H12: علي غازي
A13: 7 | C13: 5365 | D13: 45268 | E13: صيانه | F13: 370000 | H13: علي غازي
A14: 8 | C14: 5365 | D14: 45268 | E14: صيانه | F14: 280000 | H14: علي غازي
A15: 9 | C15: قيد 122 | D15: 23/9/2023 | E15: شحن غاز | F15: 25000
A16: 10 | C16: قيد 128 | D16: 45270 | E16: دهن + غسل | F16: 68000
A17: 11 | C17: قيد 131 | D17: 22/10/2023 | E17: تصليح صدر | F17: 121000
A18: 12 | C18: قيد 135 | D18: 45149 | E18: تصليح غاز | F18: 102000
A19: 13 | C19: قيد 144 | D19: 20/11/2023 | E19: تجفيت سلف | F19: 50000
A20: 14 | C20: 6049 | D20: 13/1/2024 | E20: صيانه | F20: 1713000 | H20: علي غازي
A21: 15 | C21: قيد 9 | D21: 45414 | E21: دهن + فلتر | F21: 40000
A22: 16 | C22: 6488 | D22: 45601 | E22: صليب+اجور عمل+جاملغ+ارضيه+غسل | F22: 132000 | H22: علي غازي
A23: 17 | C23: 7348 | D23: 45619 | E23: عمل كهربائيات مع تصليح سلف | F23: 85000 | H23: علي غازي
A24: 18 | C24: 7587 | D24: 45650 | E24: بور ستيرن | F24: 70000 | H24: علي غازي
A25: 19 | C25: 7829 | D25: 45696 | E25: مشط | F25: 95000 | H25: علي غازي
A26: 20 | C26: 7882 | D26: 45705 | E26: كيجات 2700 | F26: 230000 | H26: علي غازي
A27: 21 | C27: 8152 | D27: 45760 | E27: زوج اطارات+طبلة صدر | F27: 70000 | G27: 100 | H27: علي غازي
A28: 22 | C28: 8981 | D28: 45813 | E28: درع ستيل امامي+خلفي | F28: 95000 | H28: علي غازي
A29: 23 | C29: 559 | D29: 46011 | E29: اطارات | G29: 87 | H29: علي غازي
A30: 24 | C30: 1093 | D30: 46086 | E30: شريط دبل+ جاملغ امامي | F30: 80000 | H30: علي غازي
A31: 25
A32: 26
A33: 27
A34: 28
A35: 29
A36: 30
A37: 31
A38: 32
A39: 33
A40: 34
B41: المجموع الكلي | F41: =SUM(F7:F40) -> 4711000 | G41: =SUM(G7:G40) -> 187

Sheet كيا  99237 
A1: صيانة الاليات
A2: 29 | B2: كيا دبل قمارة | E2: الموديل | F2: 2024 | H2: الموقع: | K2: رجوع الى جدول الاليات
B3: رقمها : | C3: 11 M 99237 | E3: المالك | F3: القبس | H3: مسؤول الالية :
B5: الشهر | C5: 2025/31/07 | E5: العداد السابق | H5: العداد النهائي : | I5: =MAX(J7:J141) -> 0
A6: # | B6: اسم السائق / المسؤول | C6: رقم الوصل | D6: تاريخ | E6: تفاصيل الصيانه | F6: المبلغ دينار | G6: المبلغ $ | H6: مسؤول الصيانه | I6: اضافة /هايدوليك لتر | J6: العداد
A7: 1 | C7: 668 | D7: 46082 | E7: قوايش | F7: 45000 | H7: علي غازي
A8: 2 | C8: 1281 | D8: 18/4/2026 | E8: جوين | F8: 25000 | H8: علي غازي
A9: 3
A10: 4
A11: 5
A12: 6
A13: 7
A14: 8
A15: 9
B16: المجموع الكلي | F16: =SUM(F7:F15) -> 70000 | G16: =SUM(G7:G15) -> 0

Sheet كنتر بيك اب 94707
A1: صيانة الاليات
A2: 30 | B2: مسيوبيشي كنتر بيك اب | E2: الموديل | F2: 2020 | H2: الموقع: | K2: رجوع الى جدول الاليات
B3: رقمها : | C3: 94707 هـ بغداد | E3: المالك | F3: جوهرة الفنجان | H3: مسؤول الالية :
B5: الشهر | C5: 2025/31/07 | E5: العداد السابق | H5: العداد النهائي : | I5: =MAX(J7:J141) -> 0
A6: # | B6: اسم السائق / المسؤول | C6: رقم الوصل | D6: تاريخ | E6: تفاصيل الصيانه | F6: المبلغ دينار | G6: المبلغ $ | H6: مسؤول الصيانه | I6: اضافة /هايدوليك لتر | J6: العداد
A7: 1 | B7: علي غازي | C7: 4266 | D7: 45047 | E7: تبديل دهن محرك + فلتر دهن | F7: 94000 | H7: علي غازي
A8: 2 | C8: قيد 13 | D8: 45353 | E8: تبديل دهن محرك + فلتر دهن | F8: 60000
A9: 3 | C9: 7580 | D9: 45649 | E9: اطارات | G9: 340 | H9: علي غازي
A10: 4 | C10: 7587 | D10: 45650 | E10: مرايه كزاز | F10: 10000 | H10: علي غازي
A11: 5 | C11: 343 | D11: 45983 | E11: روط+راس روط+دهن+جامة لايت+بك لايت+سكن لايت+اجور عمل | F11: 325000 | H11: علي غازي
A12: 6 | C12: 519 | D12: 46004 | E12: عنبار ويل+اجور فتح ويلات | F12: 146000 | H12: علي غازي
A13: 7
A14: 8
A15: 9
A16: 10
A17: 11
A18: 12
A19: 13
A20: 14
A21: 15
A22: 16
A23: 17
A24: 18
... A32: 26
B33: المجموع الكلي | F33: =SUM(F7:F32) -> 635000 | G33: =SUM(G7:G32) -> 340

Sheet خباطة 50955
A1: صيانة الاليات
A2: 31 | B2: خباطة كونكريت -سكانيا | E2: الموديل | F2: 2004 | H2: الموقع: | K2: رجوع الى جدول الاليات
B3: رقمها : | C3: 11 H 50955 | E3: المالك | F3: شركة القبس | H3: مسؤول الالية :
B5: الشهر | C5: 2025/31/07
A6: # | B6: اسم السائق / المسؤول | C6: رقم الوصل | D6: تاريخ | E6: تفاصيل الصيانه | F6: المبلغ دينار | G6: المبلغ $ | H6: مسؤول الصيانه | I6: اضافة /هايدوليك لتر | J6: ملاحظات
A7: 1 | C7: 4880 | D7: 45082 | E7: فلتر ورقي | F7: 34000 | H7: علي غازي
A8: 2 | C8: 5488 | D8: 16/9/2023 | E8: صيانه | F8: 350000 | H8: علي غازي
A9: 3 | C9: 5488 | D9: 16/9/2023 | E9: سمكره+صبغ جدر+شاصي | F9: 3400000 | H9: علي غازي
A10: 4 | C10: 6843 | D10: 45359 | E10: معاملة مرور | F10: 20000 | H10: ابو مروان
A11: 5 | C11: 6706 | D11: 45358 | E11: فحص اسطوانات+حموله | F11: 240000 | H11: ابو مروان
A12: 6 | C12: 6794 | D12: 24/7/2024 | E12: كمرك | F12: 31000 | H12: ابو مروان
A13: 7 | C13: 8806 | D13: 45791 | E13: تجفيت انجكشن+فتح خزان وقود+تنظيف طوافة كاز+فلاتر دهن و كاز+اجور عمل+حاسبه | F13: 1100000 | H13: علي غازي
A14: 8 | C14: 9738 | D14: 45913 | E14: زوج اطارات | F14: 1250000 | H14: علي غازي
A15: 9 | C15: 615 | D15: 46018 | E15: زوج اطارات | G15: 700 | H15: علي غازي
A16: 10 | C16: 883 | D16: 29/1/2026 | E16: كهربائيات | F16: 240000 | H16: علي غازي
A17: 11 | C17: 960 | D17: 46358 | E17: مواد كهربائيه | F17: 135000 | H17: علي غازي
A18: 12
A19: 13
A20: 14
A21: 15
A22: 16
A23: 17
A24: 18
A25: 19
A26: 20
A27: 21
A28: 22
A29: 23
... A33: 27
B34: المجموع الكلي | F34: =SUM(F7:F33) -> 6800000 | G34: =SUM(G7:G33) -> 700

Sheet خباطة 94900
A1: صيانة الاليات
A2: 32 | B2: خباطة كونكريت - مان | E2: الموديل | F2: 2007 | H2: الموقع: | K2: رجوع الى جدول الاليات
B3: رقمها : | C3: 94900 ط بغداد | E3: المالك | F3: شركة القبس | H3: مسؤول الالية :
B5: الشهر | C5: 2025/31/07
A6: # | B6: اسم السائق / المسؤول | C6: رقم الوصل | D6: تاريخ | E6: تفاصيل الصيانه | F6: المبلغ دينار | G6: المبلغ $ | H6: مسؤول الصيانه | I6: اضافة /هايدوليك لتر | J6: ملاحظات
A7: 1 | C7: قيد 42 | E7: صيانه | F7: 150000
A8: 2 | C8: 6706 | D8: 45476 | E8: فحص اسطوانات+حموله | F8: 240000 | H8: ابو مروان
A9: 3 | C9: 6794 | D9: 24/7/2024 | E9: كمرك | F9: 31000 | H9: ابو مروان
A10: 4 | C10: 6854 | D10: 45508 | E10: تجديد سنويه | F10: 485000 | H10: ابو مروان
A11: 5 | C11: 7071 | D11: 45560 | E11: يدة اشاره+كهربائيات متنوعه+حدادة صدر+ساندبلاس+صبغ جدر+كماليات | F11: 4340000 | H11: علي غازي
A12: 6 | D12: 45580 | E12: صيانه+فحص+برمجه+تبديل بوري صالنصه | F12: 370000 | H12: علي غازي
A13: 7 | C13: 7717 | D13: 45676 | E13: بطاريه عدد 2 | F13: 315000 | H13: علي غازي
A14: 8 | C14: 8152 | D14: 45760 | E14: ماشة كير+كت كلج عادي مان+سرفة كلج+صليب مضخه | F14: 800000 | H14: علي غازي
A15: 9 | C15: 8152 | D15: 45760 | E15: اجور عمل فيتر | F15: 550000 | H15: علي غازي
A16: 10 | C16: 9087 | D16: 45836 | E16: اطار+واشر براد دهن+واتربم مان+براد دهن مان | F16: 760000 | H16: علي غازي
A17: 11 | C17: 9203 | D17: 45848 | E17: واشرات+كعكات | F17: 50000 | H17: علي غازي
A18: 12 | C18: 9738 | D18: 45913 | E18: زوج اطارات | F18: 1250000 | H18: علي غازي
A19: 13 | C19: 303 | D19: 45977 | E19: شراء كهربائيات +بطارية+اجور عمل | F19: 431000 | H19: علي غازي
A20: 14 | C20: 615 | D20: 46018 | E20: زوج اطارات | G20: 350 | H20: علي غازي
A21: 15
A22: 16
A23: 17
A24: 18
A25: 19
A26: 20
A27: 21
A28: 22
A29: 23
A30: 24
A31: 25
A32: 26
... A55: 49
B56: المجموع الكلي | F56: =SUM(F7:F55) -> 9772000 | G56: =SUM(G7:G55) -> 350

Sheet خباطة 53389
A1: صيانة الاليات
A2: 33 | B2: خباطة كونكريت - مان | E2: الموديل | F2: 2006 | H2: الموقع: | K2: رجوع الى جدول الاليات
B3: رقمها : | C3: 53389 ك بغداد | E3: المالك | F3: شركة القبس | H3: مسؤول الالية :
B5: الشهر | C5: 2025/31/07
A6: # | B6: اسم السائق / المسؤول | C6: رقم الوصل | D6: تاريخ | E6: تفاصيل الصيانه | F6: المبلغ دينار | G6: المبلغ $ | H6: مسؤول الصيانه | I6: اضافة /هايدوليك لتر | J6: ملاحظات
A7: 1 | C7: 4984 | D7: 27/5/2023 | E7: دكمة جام | F7: 110000 | H7: علي غازي
A8: 2 | C8: 4984 | D8: 27/5/2023 | E8: زيت | F8: 120000 | H8: علي غازي
A9: 3 | C9: 5122 | D9: 21/6/2023 | E9: تجفيت | F9: 850000 | H9: علي غازي
A10: 4 | C10: 5122 | D10: 21/6/2023 | E10: راديتر | F10: 225000 | G10: 500 | H10: علي غازي
A11: 5 | C11: 5798 | D11: 21/11/2023 | E11: تغيير بيانات | G11: 250 | H11: ابو مروان
A12: 6 | C12: 7587 | D12: 45650 | E12: قبق باتري مان+رزة قفل | F12: 35000 | H12: علي غازي
A13: 7 | C13: 9738 | D13: 45913 | E13: زوج اطارات | F13: 1250000 | H13: علي غازي
A14: 8 | C14: 9920 | D14: 45931 | E14: هيدروليك+صوندة تاروسه | F14: 108000 | H14: علي غازي
A15: 9 | C15: 9920 | D15: 45931 | E15: تجفيت صدر+اجور عمل+هيدروليك+بخاخ بنزين | F15: 619000 | H15: علي غازي
A16: 10 | C16: 794 | D16: 17/1/2026 | E16: كهربائيات+يدة سايد بريك+كهربائيات+بوش+اجور عمل+اجور عمل شيال كاردن | F16: 1310000 | H16: علي غازي
A17: 11
A18: 12
A19: 13
A20: 14
A21: 15
A22: 16
A23: 17
A24: 18
A25: 19
A26: 20
A27: 21
A28: 22
... A34: 28
B35: المجموع الكلي | F35: =SUM(F7:F34) -> 4627000 | G35: =SUM(G7:G34) -> 750

Sheet خباطة 29501
A1: صيانة الاليات
A2: 34 | B2: خباطة كونكريت - مان | E2: الموديل | F2: 2007 | H2: الموقع: | K2: رجوع الى جدول الاليات
B3: رقمها : | C3: 29500 ك بغداد | E3: المالك | F3: شركة القبس | H3: مسؤول الالية :
B5: الشهر | C5: 2025/31/07
A6: # | B6: اسم السائق / المسؤول | C6: رقم الوصل | D6: تاريخ | E6: تفاصيل الصيانه | F6: المبلغ دينار | G6: المبلغ $ | H6: مسؤول الصيانه | I6: اضافة /هايدوليك لتر | J6: ملاحظات
A7: 1 | B7: محمد نادي | D7: 44928 | E7: صوندة كتان , قفيص , زبانة | F7: 31750 | H7: هيلان ابراهيم
A8: 2 | B8: غزوان كريم | D8: 45151 | E8: واتربم مان | F8: 140000 | H8: هيلان ابراهيم
A9: 3 | C9: 5785 | D9: 19/11/2023 | E9: تجديد سنويه | F9: 553000 | H9: ابو مروان
A10: 4 | C10: 5792 | D10: 20/11/2023 | E10: صيانه | F10: 575000 | H10: علي غازي
A11: 5 | C11: 5798 | D11: 21/11/2023 | E11: تغيير بيانات | G11: 250 | H11: ابو مروان
A12: 6 | C12: 5922 | D12: 20/12/2023 | E12: صيانه | F12: 280000 | H12: علي غازي
A13: 7 | C13: 9434 | D13: 45874 | E13: سيتولف | F13: 25000 | H13: علي غازي
A14: 8 | C14: 9738 | D14: 45913 | E14: زوج اطارات | F14: 1250000 | H14: علي غازي
A15: 9 | C15: 794 | D15: 17/1/2026 | E15: لاينه+مواد للعمل+كهربائيات | F15: 340000 | H15: علي غازي
A16: 10 | C16: 960 | D16: 46358 | E16: قمجي+يده+بك لايت+بلاجكتور+بخاخ+واير+لافتات | F16: 250000 | H16: علي غازي
A17: 11
A18: 12
A19: 13
A20: 14
A21: 15
A22: 16
A23: 17
A24: 18
A25: 19
A26: 20
A27: 21
A28: 22
... A31: 25
B32: المجموع الكلي | F32: =SUM(F7:F31) -> 3444750 | G32: =SUM(G7:G31) -> 250

Sheet خباطة 60036
A1: صيانة الاليات
A2: 35 | B2: خباطة كونكريت -سكانيا | E2: الموديل | F2: 2006 | H2: الموقع: | K2: رجوع الى جدول الاليات
B3: رقمها : | C3: 60035 ن بغداد | E3: المالك | F3: شركة القبس | H3: مسؤول الالية :
B5: الشهر | C5: 2025/31/07
A6: # | B6: اسم السائق / المسؤول | C6: رقم الوصل | D6: تاريخ | E6: تفاصيل الصيانه | F6: المبلغ دينار | G6: المبلغ $ | H6: مسؤول الصيانه | I6: اضافة /هايدوليك لتر | J6: ملاحظات
A7: 1 | B7: ابراهيم خليفة | D7: 44938 | E7: تصليح شوتة خباطة | F7: 25000 | H7: ابراهيم خليفة
A8: 2 | C8: 4880 | D8: 45082 | E8: فلتر ورقي | F8: 35000 | H8: علي غازي
A9: 3 | C9: قيد 98 | D9: 45084 | E9: صيانه | F9: 145000
A10: 4 | C10: قيد 102 | D10: 23/7/2023 | E10: صيانه | F10: 467000
A11: 5 | C11: 5792 | D11: 20/11/2023 | E11: تجفيت انجكتر+مراة جانبيه+اجور عمل+صدر+اجور عمل | F11: 1950000 | H11: علي غازي
A12: 6 | C12: 5922 | D12: 20/12/2023 | E12: كب تشحيم+تشحيم+غسل+رمل جدر+شاصي+تصليح صالنصه مع تبديل هزاز+عمل حدادة جدر مع حداده خارجيه +تصليح لغد امامي+صبغ خباطه+كراجيه | F12: 4670000 | H12: علي غازي
A13: 7 | C13: 6049 | D13: 13/1/2024 | E13: كهربائيات+واقيات+ربل شاصي+شعار جدر+يدة قمجي+وايرقمجي+كب ويل امامي+جاملغ امامي+صوندة هيدروليك | F13: 1095000 | H13: علي غازي
A14: 8 | C14: 7658 | D14: 45662 | E14: كارت تخريم منكار+اجور عمل+منظم كيج+بطاريه | F14: 570000 | H14: علي غازي
A15: 9 | C15: 9738 | D15: 45913 | E15: زوج اطارات | F15: 1250000 | H15: علي غازي
A16: 10 | C16: 519 | D16: 46004 | E16: صونده+قفايص | F16: 90000 | H16: علي غازي
A17: 11 | C17: 883 | D17: 29/1/2026 | E17: كهربائيات | F17: 170000 | H17: علي غازي
A18: 12 | C18: 960 | D18: 46358 | E18: فلتر دهن+مصفي خباطه+قطرة دبه ستيرن | F18: 132000 | H18: علي غازي
A19: 13
A20: 14
A21: 15
A22: 16
A23: 17
A24: 18
A25: 19
A26: 20
A27: 21
B28: المجموع الكلي | F28: =SUM(F7:F27) -> 10599000 | G28: =SUM(G7:G27) -> 0

Sheet خباطة 10976
A1: صيانة الاليات
A2: 36 | B2: خباطة كونريت - مارسيدس | E2: الموديل | F2: 2017 | H2: الموقع: | K2: رجوع الى جدول الاليات
B3: رقمها : | C3: 10976 سليمانية | E3: المالك | F3: خالد علي | H3: مسؤول الالية :
B5: الشهر | C5: 2025/31/07
A6: # | B6: اسم السائق / المسؤول | C6: رقم الوصل | D6: تاريخ | E6: تفاصيل الصيانه | F6: المبلغ دينار | G6: المبلغ $ | H6: مسؤول الصيانه | I6: اضافة /هايدوليك لتر | J6: ملاحظات
A7: 1 | C7: 6490 | D7: 45601 | E7: بطاريه+ماطور كاز+هيدروليك | F7: 673500 | H7: علي غازي
A8: 2 | C8: 668 | D8: 46082 | E8: لافته+فدراليه+مرايه | F8: 390000 | H8: علي غازي
A9: 3 | C9: 794 | D9: 17/1/2026 | E9: كهربائيات+فلاتر كاز ودهن | F9: 440000 | H9: علي غازي
A10: 4 | C10: 960 | D10: 46358 | E10: شوته+عطر | F10: 105000 | H10: علي غازي
A11: 5 | C11: 1093 | D11: 46086 | E11: تصفير شاشه مع برنامج | F11: 250000 | H11: علي غازي
A12: 6 | C12: 1093 | D12: 46086 | E12: جوزة طاحونه | F12: 190000 | H12: علي غازي
A13: 7
A14: 8
A15: 9
A16: 10
A17: 11
A18: 12
A19: 13
A20: 14
A21: 15
A22: 16
A23: 17
A24: 18
... A30: 24
B31: المجموع الكلي | F31: =SUM(F7:F30) -> 2048500 | G31: =SUM(G7:G30) -> 0

Sheet حفار9315
A1: صيانة الاليات
A2: 37 | B2: حفارة كوماتسو 290 | E2: الموديل | F2: 2015 | H2: الموقع: | K2: رجوع الى جدول الاليات
B3: رقمها : | C3: 9315 سليمانية | E3: المالك | F3: خالد علي صالح | H3: مسؤول الالية :
B5: الشهر | C5: 2025/31/07
A6: # | B6: اسم السائق / المسؤول | C6: رقم الوصل | D6: تاريخ | E6: تفاصيل الصيانه | F6: المبلغ دينار | G6: المبلغ $ | H6: مسؤول الصيانه | I6: اضافة /هايدوليك لتر | J6: ملاحظات
A7: 1 | C7: قيد 12 | D7: 22/2/2024 | E7: زيوت +اجور كهربائي | F7: 425000
A8: 2 | C8: 6488 | D8: 45601 | E8: ولف رئيسي هيدروليك | F8: 195000 | H8: علي غازي
A9: 3 | C9: 6633 | D9: 15/6/2024 | E9: مروحه+فيتبم+تخم كايد وولف ونوزلات وواشرات و مرايات+تجفيت واتربم+بولبرن+تبديل جبن | F9: 850000 | H9: علي غازي
A10: 4 | D10: 45580 | E10: كهربائي+فيتر | F10: 575000 | H10: علي غازي
A11: 5 | C11: 7717 | D11: 45676 | E11: لبه سوبر+عمل تورنجي+واشر دكشن | F11: 220000 | H11: علي غازي
A12: 6 | C12: 7915 | D12: 45710 | E12: تصليح محمد عكله | F12: 5270000 | H12: محمد عكله
A13: 7 | C13: 8806 | D13: 45791 | E13: اجور عمل فيتر فتح مضخة حفاره | F13: 200000 | H13: علي غازي
A14: 8
A15: 9
A16: 10
A17: 11
A18: 12
A19: 13
A20: 14
A21: 15
A22: 16
A23: 17
A24: 18
A25: 19
... A27: 21
B28: المجموع الكلي | F28: =SUM(F7:F27) -> 7735000 | G28: =SUM(G7:G27) -> 0

Sheet حفار  6943 
A1: صيانة الاليات
A2: 38 | B2: حفار JCB زنجيل | E2: الموديل | F2: 2015 | H2: الموقع: | K2: رجوع الى جدول الاليات
B3: رقمها : | C3: 6943 سليمانية | E3: المالك | F3: خالد علي | H3: مسؤول الالية :
B5: الشهر | C5: 2025/31/07
A6: # | B6: اسم السائق / المسؤول | C6: رقم الوصل | D6: تاريخ | E6: تفاصيل الصيانه | F6: المبلغ دينار | G6: المبلغ $ | H6: مسؤول الصيانه | I6: اضافة /هايدوليك لتر | J6: ملاحظات
A7: 1 | C7: قيد 43 | D7: 45325 | E7: صيانه | F7: 450000
A8: 2 | C8: 4880 | D8: 45082 | E8: فيت بم | F8: 75000 | H8: علي غازي
A9: 3 | C9: 4984 | D9: 27/5/2023 | E9: صيانه | F9: 360000 | H9: علي غازي
A10: 4 | C10: 5666 | D10: 22/10/2023 | E10: اطارات | F10: 1120000 | H10: علي غازي
A11: 5 | C11: 5922 | D11: 20/12/2023 | E11: فلتر دهن | F11: 30000 | H11: علي غازي
A12: 6
A13: 7
A14: 8
A15: 9
A16: 10
A17: 11
A18: 12
A19: 13
A20: 14
A21: 15
A22: 16
A23: 17
... A34: 28
B35: المجموع الكلي | F35: =SUM(F7:F34) -> 2035000 | G35: =SUM(G7:G34) -> 0

Sheet حفار9499
A1: صيانة الاليات
A2: 39 | B2: حفارة هياتشي 210 | E2: الموديل | H2: الموقع: | K2: رجوع الى جدول الاليات
B3: رقمها : | C3: 9499 سليمانية | E3: المالك | F3: خالد علي صالح | H3: مسؤول الالية :
B5: الشهر | C5: 2025/31/07
A6: # | B6: اسم السائق / المسؤول | C6: رقم الوصل | D6: تاريخ | E6: تفاصيل الصيانه | F6: المبلغ دينار | G6: المبلغ $ | H6: مسؤول الصيانه | I6: اضافة /هايدوليك لتر | J6: ملاحظات
A7: 1 | C7: 4984 | D7: 27/5/2023 | E7: فلتر كاز | F7: 25000 | H7: علي غازي
A8: 2 | C8: 6049 | D8: 13/1/2024 | E8: تجفيت جك | F8: 325000 | H8: علي غازي
A9: 3 | C9: 7272 | D9: 45599 | E9: طاحونه + قاعدة فلتر كاز | G9: 1390 | H9: علي غازي
A10: 4 | C10: 7348 | D10: 45619 | E10: حديد بليت+تخم بلزك | F10: 705000 | H10: علي غازي
A11: 5 | C11: 7882 | D11: 45705 | E11: شوتة هواء | F11: 35000 | H11: علي غازي
A12: 6 | C12: 9738 | D12: 45913 | E12: بطاريات عدد2 | F12: 190000 | H12: علي غازي
A13: 7 | C13: 9920 | D13: 45931 | E13: جوزة عزم | F13: 80000 | H13: علي غازي
A14: 8 | C14: 615 | D14: 46018 | E14: طرمبة كاز+قاعدة فلتر كاز | F14: 1400000 | H14: علي غازي
A15: 9 | C15: 668 | D15: 46082 | E15: فيتبم | F15: 200000 | H15: علي غازي
A16: 10 | C16: 883 | D16: 29/1/2026 | E16: شوته+حساس بيئه | F16: 460000 | H16: علي غازي
A17: 11 | C17: 1093 | D17: 46086 | E17: مروحه | F17: 100000 | H17: علي غازي
A18: 12 | C18: 1093 | D18: 46086 | E18: بوش | F18: 60000 | H18: علي غازي
A19: 13 | C19: 1281 | D19: 18/4/2026 | E19: سوبر3 نحاس | F19: 225000 | H19: علي غازي
A20: 14
A21: 15
A22: 16
A23: 17
A24: 18
A25: 19
A26: 20
A27: 21
A28: 22
A29: 23
A30: 24
A31: 25
... A34: 28
B35: المجموع الكلي | F35: =SUM(F7:F34) -> 3805000 | G35: =SUM(G7:G34) -> 1390

Sheet 10967 حفارة 
A1: صيانة الاليات
A2: 40 | B2: حفارة هيتاشي 85 | E2: الموديل | F2: 2009 | H2: الموقع: | K2: رجوع الى جدول الاليات
B3: رقمها : | C3: 10967 سليمانية | E3: المالك | F3: خالد علي صالح | H3: مسؤول الالية :
B5: الشهر | C5: 2025/31/07
A6: # | B6: اسم السائق / المسؤول | C6: رقم الوصل | D6: تاريخ | E6: تفاصيل الصيانه | F6: المبلغ دينار | G6: المبلغ $ | H6: مسؤول الصيانه | I6: اضافة /هايدوليك لتر | J6: ملاحظات
A7: 1 | C7: 7717 | D7: 45676 | E7: واشرات | F7: 60000 | H7: علي غازي
A8: 3 | C8: 7829 | D8: 45696 | E8: قايش مسنن | F8: 25000 | H8: علي غازي
A9: 4 | C9: 303 | D9: 45977 | E9: سوبر جارج | G9: 500 | H9: علي غازي
A10: 5 | C10: 794 | D10: 17/1/2026 | E10: بطاريه | F10: 130000 | H10: علي غازي
A11: 6 | C11: 883 | D11: 29/1/2026 | E11: شوته+اشارة دعاميه | F11: 115000 | H11: علي غازي
A12: 7 | C12: 1281 | D12: 18/4/2026 | E12: سبروكت+رولات+ماستربيج | F12: 790000 | H12: علي غازي
A13: 6
A14: 9
A15: 10
A16: 11
A17: 12
A18: 13
A19: 14
A20: 15
A21: 16
A22: 17
A23: 18
A24: 19
... A35: 30
B36: مجموع | F36: =SUM(F7:F35) -> 1120000 | G36: =SUM(G7:G35) -> 500

Sheet حفار9540
A1: صيانة الاليات
A2: 41 | B2: حفارة هياشي 350 | E2: الموديل | F2: 2008 | H2: الموقع: | K2: رجوع الى جدول الاليات
B3: رقمها : | C3: 9540 سليمانية | E3: المالك | F3: خالد علي صالح | H3: مسؤول الالية :
B5: الشهر | C5: 2025/31/07
A6: # | B6: اسم السائق / المسؤول | C6: رقم الوصل | D6: تاريخ | E6: تفاصيل الصيانه | F6: المبلغ دينار | G6: المبلغ $ | H6: مسؤول الصيانه | I6: اضافة / هايدوليك لتر | J6: ملاحظات
A7: 1 | B7: هيلان ابراهيم | D7: 45048 | E7: بخاخ تبريد , فريز تبريد , غاز فحص , اجور عمل | F7: 500000 | H7: هيلان ابراهيم
A8: 2 | B8: عمر جواد | D8: 45158 | E8: كبس صوندات حفارة | F8: 25000 | H8: هيلان ابراهيم
A9: 3 | B9: هيلان ابراهيم | D9: 45160 | E9: اضافة غاز تبريد + تبديل ولف | F9: 100000 | H9: هيلان ابراهيم
A10: 4 | B10: علي غازي | C10: 4560 | D10: 25/2/2023 | E10: شوته | F10: 60000 | H10: علي غازي
A11: 5 | C11: 5122 | D11: 21/6/2023 | E11: انجكتر | G11: 1000 | H11: علي غازي
A12: 6 | C12: 6145 | D12: 31/1/2024 | E12: تجفيت محرك | F12: 2350000 | H12: علي غازي
A13: 7 | C13: 6263 | D13: 45325 | E13: ابر نوزل+ولفات انجكتر | F13: 625000 | H13: علي غازي
A14: 8 | C14: 6488 | D14: 45601 | E14: بطارية | F14: 447000 | H14: علي غازي
A15: 9 | C15: 7071 | D15: 45560 | E15: بوش كيله 350 | F15: 250000 | H15: علي غازي
A16: 10 | C16: 7915 | D16: 45710 | E16: تصليح محمد عكله +كهربائي+صوندات+اقفال كيله+جامه اماميه | F16: 1125000 | H16: محمد عكله
A17: 11 | C17: 8152 | D17: 45760 | E17: واشر قبغ ولفات علوي+سفلي+فلتر دهن | F17: 45000 | H17: علي غازي
A18: 12 | C18: 101 | D18: 18/10/2025 | E18: تخم بوشر + بستم + رنك انجكتر + تشفيت انجكتر + رايمر +تخم واشرات + براد دهن محرك + سليكون +مواد محرك +تخم اذان محرك + قايش دينمو + راديتر ماء +دهن محرك +سوبر جارج +فلتر دهن + صونده بخاري + هيدروليك+سويل+تخم جبنه+كبس صوندة+فلتر راجع +قبغ سويل +فلاتر دهن + فلتر كاز | F18: 7195000 | H18: علي غازي
A19: 13 | C19: 303 | D19: 45977 | E19: بيم+قاعدة سن+تب حفاره+مستر بيم+جوين | F19: 755000 | H19: علي غازي
A20: 14 | C20: 615 | D20: 46018 | E20: بوشه | F20: 50000 | H20: علي غازي
A21: 15 | C21: 668 | D21: 46082 | E21: سن حفاره | F21: 225000 | H21: علي غازي
A22: 16 | C22: 1394 | D22: 46300 | E22: بوري جك ثانوي | F22: 170000 | H22: علي غازي
A23: 17
A24: 18
A25: 19
A26: 20
A27: 21
A28: 22
A29: 23
A30: 24
A31: 25
A32: 26
A33: 27
A34: 28
... A47: 41
B48: المجموع الكلي | F48: =SUM(F7:F47) -> 13922000 | G48: =SUM(G7:G47) -> 1000

Sheet حفارة 8623
A1: صيانة الاليات
A2: 42 | B2: حفارة كوماتسو- 27pc صغيره | E2: الموديل | F2: 2007 | H2: الموقع: | K2: رجوع الى جدول الاليات
B3: رقمها : | C3: 8623 أ بصرة | E3: المالك | F3: شركة القبس | H3: مسؤول الالية :
B5: الشهر | C5: 2025/31/07
A6: # | B6: اسم السائق / المسؤول | C6: رقم الوصل | D6: تاريخ | E6: تفاصيل الصيانه | F6: المبلغ دينار | G6: المبلغ $ | H6: مسؤول الصيانه | I6: اضافة /هايدوليك لتر | J6: ملاحظات
A7: 1
A8: 2
A9: 3
A10: 4
A11: 5
A12: 6
A13: 7
A14: 8
A15: 9
A16: 10
A17: 11
A18: 12
... A34: 28
B35: المجموع الكلي | F35: =SUM(F7:F34) -> 0 | G35: =SUM(G7:G34) -> 0

Sheet حفارة 9797
A1: صيانة الاليات
A2: 43 | B2: حفارة هيتاشي | E2: الموديل | F2: 2006 | H2: الموقع: | K2: رجوع الى جدول الاليات
B3: رقمها : | C3: 9797 سليمانية | E3: المالك | F3: خالد علي | H3: مسؤول الالية :
B5: الشهر | C5: 2025/31/07
A6: # | B6: اسم السائق / المسؤول | C6: رقم الوصل | D6: تاريخ | E6: تفاصيل الصيانه | F6: المبلغ دينار | G6: المبلغ $ | H6: مسؤول الصيانه | I6: اضافة /هايدوليك لتر | J6: ملاحظات
A7: 1 | C7: 6490 | D7: 45601 | E7: جوين+جوزة حماوه+حساس | F7: 160000 | H7: علي غازي
A8: 2 | C8: 1394 | D8: 46300 | E8: رولة دافعه+ماشة ويل+روله اسفل+روله اعلى | F8: 1800000 | H8: علي غازي
A9: 3 | C9: 1428 | D9: 18/5/2026 | E9: روله دافعه+ماشة ويل | F9: 500000 | H9: علي غازي
A10: 4
A11: 5
A12: 6
A13: 7
A14: 8
A15: 9
A16: 10
A17: 11
A18: 12
A19: 13
A20: 14
A21: 15
... A30: 24
B31: المجموع الكلي | F31: =SUM(F7:F30) -> 2460000 | G31: =SUM(G7:G30) -> 0

Sheet حفارة 9726
A1: صيانة الاليات
A2: 44 | B2: حفارة فولفو 58 | E2: الموديل | F2: 2005 | H2: الموقع: | K2: رجوع الى جدول الاليات
B3: رقمها : | C3: 9726 أ بصرة | E3: المالك | F3: شركة القبس | H3: مسؤول الالية :
B5: الشهر | C5: 2025/31/07
A6: # | B6: اسم السائق / المسؤول | C6: رقم الوصل | D6: تاريخ | E6: تفاصيل الصيانه | F6: المبلغ دينار | G6: المبلغ $ | H6: مسؤول الصيانه | I6: اضافة /هايدوليك لتر | J6: ملاحظات
A7: 1 | C7: قيد42 | D7: 45263 | E7: جوزة لقلق + ولف سرفه | F7: 175000
A8: 2 | C8: 8806 | D8: 45791 | E8: سلف | F8: 130000 | H8: علي غازي
A9: 3 | C9: 303 | D9: 45977 | E9: تصليح سلف و داينمو+تنظيف راديتر+بيم+اذان محرك | F9: 310000 | H9: علي غازي
A10: 4
A11: 5
A12: 6
A13: 7
A14: 8
A15: 9
A16: 10
A17: 11
A18: 12
A19: 13
A20: 14
A21: 15
... A31: 25
B32: المجموع الكلي | F32: =SUM(F7:F31) -> 615000 | G32: =SUM(G7:G31) -> 0

Sheet حفار8305
A1: صيانة الاليات
A2: 45 | B2: حفارة هيتاشي 330 | E2: الموديل | F2: 2004 | H2: الموقع: | K2: رجوع الى جدول الاليات
B3: رقمها : | C3: 8305 أربيل | E3: المالك | F3: وليد خالد | H3: مسؤول الالية :
B5: الشهر | C5: 2025/31/07
A6: # | B6: اسم السائق / المسؤول | C6: رقم الوصل | D6: تاريخ | E6: تفاصيل الصيانه | F6: المبلغ دينار | G6: المبلغ $ | H6: مسؤول الصيانه | I6: اضافة /هايدوليك لتر | J6: ملاحظات
A7: 1 | C7: 4984 | D7: 27/5/2023 | E7: زنجيل + روله اعلى | G7: 860 | H7: علي غازي
A8: 2 | C8: 5596 | D8: 45117 | E8: بم + عمل صالنصه | F8: 390000 | H8: علي غازي
A9: 3 | C9: 5792 | D9: 20/11/2023 | E9: ماطور كاز | F9: 125000 | H9: علي غازي
A10: 4 | C10: 5922 | D10: 20/12/2023 | E10: جامه | F10: 220000 | H10: علي غازي
A11: 5 | C11: 6145 | D11: 31/1/2024 | E11: جوزة ركليتر | F11: 100000 | H11: علي غازي
A12: 6 | C12: 6488 | D12: 45601 | E12: صوندة ثانوي | F12: 125000 | H12: علي غازي
A13: 7 | C13: 6633 | D13: 15/6/2024 | E13: فلاتر+طوافه+دوران كامل+سيئويل | F13: 120000 | G13: 1600 | H13: علي غازي
A14: 8 | C14: 6758 | D14: 14/7/2024 | E14: جبن كريز+تجفيت جب رئيسي+الثانوي + الكيله | F14: 3000000 | H14: علي غازي
A15: 9 | C15: 7272 | D15: 45599 | E15: كايد+ولف+تخم واشر+اجور عمل | F15: 985000 | H15: علي غازي
A16: 10 | C16: 7882 | D16: 45705 | E16: حاضنه زنجيل+رولة +ويل+ماشة ويل+بستم تتنيك | F16: 5755000 | H16: علي غازي
A17: 11 | C17: 101 | D17: 18/10/2025 | E17: بطاريه كوري | F17: 310000 | H17: علي غازي
A18: 12 | C18: 303 | D18: 45977 | E18: روله+لاينه+سكه+جوين+برغي+لاينه+صليب+قايش+بيم+بوشه+برغي قفل | F18: 1155000 | H18: علي غازي
A19: 13 | C19: 343 | D19: 45983 | E19: قاعدة سن+تب سن+تب سن حجري+بيم+واشر | F19: 425000 | H19: علي غازي
A20: 14 | C20: 615 | D20: 46018 | E20: لنكه عدد3+روله علويه+بيم زنجيل+مستر بيم | F20: 570000 | H20: علي غازي
A21: 15 | C21: 794 | D21: 17/1/2026 | E21: سبروكت+بطل جك+لاينه+بوش+تخم جبنه+تعديل شفت+اجور عمل | F21: 2830000 | G21: 450 | H21: علي غازي
A22: 16 | C22: 1394 | D22: 46300 | E22: بوش جك همر عدد 4 +بطاريه عدد2 | F22: 460000 | H22: علي غازي
A23: 17
A24: 18
A25: 19
A26: 20
A27: 21
B28: المجموع الكلي | F28: =SUM(F7:F27) -> 16570000 | G28: =SUM(G7:G27) -> 2910

Sheet حفارة 58180
A1: صيانة الاليات
A2: 46 | B2: حفارة كوماتسو 210 | E2: الموديل | F2: 2001 | H2: الموقع: | K2: رجوع الى جدول الاليات
B3: رقمها : | C3: 58180 ط بغداد | E3: المالك | F3: شركة القبس | H3: مسؤول الالية :
B5: الشهر | C5: 2025/31/07
A6: # | B6: اسم السائق / المسؤول | C6: رقم الوصل | D6: تاريخ | E6: تفاصيل الصيانه | F6: المبلغ دينار | G6: المبلغ $ | H6: مسؤول الصيانه | I6: اضافة /هايدوليك لتر | J6: ملاحظات
A7: 1 | C7: 4984 | D7: 27/5/2023 | E7: براد | F7: 120000 | H7: علي غازي
A8: 2 | C8: 9638 | D8: 45900 | E8: تصليح سلف حفاره | F8: 75000 | H8: علي غازي
A9: 3 | C9: 101 | D9: 18/10/2025 | E9: صونده | F9: 235000 | H9: علي غازي
A10: 4 | C10: 101 | D10: 18/10/2025 | E10: شراء نص محرك +جويانات ماء +قفايص +كندك + درنفايس + سلكون + كتر +داينمو +تبديل قاعده + تبديل بولبرنات +اجور عمل +قايش +تجفيت بم كاز ونوزلات +راديتر +اجور عمل + سلف حفاره +بستم+رنك+مواد محرك + اوفرال+تبديل جبنه + ولف + فلتر دهن +زيت ديزل+جبنه+براد دهن +اجور عمل +صونده عدد3 | F10: 3920000 | H10: علي غازي
A11: 5 | C11: 1281 | D11: 18/4/2026 | E11: اجور عمل كهربائي | F11: 150000 | H11: علي غازي
A12: 6
A13: 7
A14: 8
A15: 9
A16: 10
A17: 11
A18: 12
A19: 13
A20: 14
A21: 15
A22: 16
A23: 17
... A26: 20
A27: 21 | F27: =SUM(F7:F26) -> 4500000 | G27: =SUM(G7:G26) -> 0
B28: المجموع الكلي

Sheet حفارر24006
A1: صيانة الاليات
A2: 47 | B2: حفاره كوماتسو | E2: الموديل | F2: 2000 | H2: الموقع: | K2: رجوع الى جدول الاليات
B3: رقمها : | C3: 24006 و بغداد | E3: المالك | F3: شركة القبس | H3: مسؤول الالية :
B5: الشهر | C5: 2025/31/07
A6: # | B6: اسم السائق / المسؤول | C6: رقم الوصل | D6: تاريخ | E6: تفاصيل الصيانه | F6: المبلغ دينار | G6: المبلغ $ | H6: مسؤول الصيانه | I6: اضافة /هايدوليك لتر | J6: ملاحظات
A7: 1 | B7: هيلان ابراهيم | D7: 45274 | E7: تصليح كهربائيات , اجور نقل الكهربائي | F7: 150000 | H7: هيلان ابراهيم
A8: 2 | C8: 6049 | D8: 13/11/2023 | E8: كويل + سبول | F8: 1020000 | H8: علي غازي
A9: 3 | C9: 6263 | D9: 45325 | E9: نتروجين + سبول | F9: 700000 | H9: علي غازي
A10: 4 | C10: 6317 | D10: 23/3/2024 | E10: طابوكه | F10: 600000 | H10: علي غازي
A11: 5 | C11: 6488 | D11: 45601 | E11: جوزة هيدروليك | F11: 45000 | H11: علي غازي
A12: 6 | C12: 6633 | D12: 15/6/2024 | E12: موزع كونترول | F12: 350000 | H12: علي غازي
A13: 7 | C13: 519 | D13: 46004 | E13: بطاريه عدد 2 | F13: 300000 | H13: علي غازي
A14: 8
A15: 9
A16: 10
A17: 11
A18: 12
A19: 13
A20: 14
A21: 15
A22: 16
A23: 17
A24: 18
A25: 19
B26: المجموع الكلي | F26: =SUM(F7:F25) -> 3165000 | G26: =SUM(G7:G25) -> 0

Sheet حفارر 58178
A1: صيانة الاليات
A2: 48 | B2: حفارة هيتاشى | E2: الموديل | F2: 1996 | H2: الموقع: | K2: رجوع الى جدول الاليات
B3: رقمها : | C3: 58178 ط بغداد | E3: المالك | F3: شركة القبس | H3: مسؤول الالية :
B5: الشهر | C5: 2025/31/07
A6: # | B6: اسم السائق / المسؤول | C6: رقم الوصل | D6: تاريخ | E6: تفاصيل الصيانه | F6: المبلغ دينار | G6: المبلغ $ | H6: مسؤول الصيانه | I6: اضافة /هايدوليك لتر | J6: ملاحظات
A7: 1 | C7: 6488 | D7: 45601 | E7: ماطور كاز اسود | F7: 190000 | H7: علي غازي
A8: 2 | C8: 6633 | D8: 15/6/2024 | E8: روله+جبن كير بوكس | F8: 200000 | H8: علي غازي
A9: 3 | C9: 7272 | D9: 45599 | E9: جوزة تشغيل+كتف | F9: 60000 | H9: علي غازي
A10: 4 | C10: 7348 | D10: 45619 | E10: فلتر هيدروليك | F10: 30000 | H10: علي غازي
A11: 5 | C11: 7580 | D11: 45649 | E11: لبه | F11: 350000 | H11: علي غازي
A12: 6 | C12: 7587 | D12: 45650 | E12: ولف مدرج حفاره حجم 200 | F12: 150000 | H12: علي غازي
A13: 7 | C13: 7621 | D13: 45655 | E13: فلاتر | F13: 80000 | H13: علي غازي
A14: 8 | C14: 7717 | D14: 45676 | E14: فلتر | F14: 35000 | H14: علي غازي
A15: 9 | C15: 7882 | D15: 45705 | E15: راديتر+قبغ+روله سفليه+روله علويه+ماشة ويل+حاضنة زنجيل+سبرنك+برغي روله+برغي ماشه+فلتر هيدروليك+دبة ماء+اويل سيل+قايش1200+يدة باب خارجيه+جبن هيدروليك+قاعدة كوع | F15: 3390000 | H15: علي غازي
A16: 10 | C16: 8152 | D16: 45760 | E16: طقم واشر اصلي مع سيليكون+جبنه يابانيه | F16: 250000 | H16: علي غازي
A17: 11 | C17: 8850 | D17: 45798 | E17: تجفيت جك مع تبديل واشرات+تصليح بستم لحيه+تجفيت طوابيك ولف+بوشه+لاينه | F17: 702000 | H17: علي غازي
A18: 12 | C18: 9434 | D18: 45874 | E18: برغي زنجيل+لنكة زنجيل+ماستربيم | F18: 160000 | H18: علي غازي
A19: 13
A20: 14
A21: 15
A22: 16
A23: 17
A24: 18
A25: 19
A26: 20
A27: 21
A28: 22
A29: 23
A30: 24
... A36: 30
B37: المجموع الكلي | F37: =SUM(F7:F36) -> 5597000 | G37: =SUM(G7:G36) -> 0

Sheet حفار كماتسو صغير 
A1: صيانة الاليات
A2: 1 | B2: حفار كماتسو صغير | E2: الموديل | H2: الموقع: | K2: رجوع الى جدول الاليات
B3: رقمها : | E3: المالك | F3: القبس | H3: مسؤول الالية :
B5: الشهر | C5: 2025/31/07
A6: # | B6: اسم السائق / المسؤول | C6: رقم الوصل | D6: تاريخ | E6: تفاصيل الصيانه | F6: المبلغ دينار | G6: المبلغ $ | H6: مسؤول الصيانه | I6: اضافة /هايدوليك لتر | J6: ملاحظات
A7: 1
A8: 3
A9: 4
A10: 5
A11: 6
A12: 7
A13: 6
A14: 9
A15: 10
A16: 11
A17: 12
A18: 13
... A35: 30
B36: المجموع الكلي | F36: =SUM(F7:F35) -> 0 | G36: =SUM(G7:G35) -> 0

Sheet شفل9595
A1: صيانة الاليات
A2: 50 | B2: شفل بوب كات S450 | E2: الموديل | F2: 2014 | H2: الموقع: | K2: رجوع الى جدول الاليات
B3: رقمها : | C3: 9595 سليمانية | E3: المالك | F3: خالد علي صالح | H3: مسؤول الالية :
B5: الشهر | C5: 2025/31/07
A6: # | B6: اسم السائق / المسؤول | C6: رقم الوصل | D6: تاريخ | E6: تفاصيل الصيانه | F6: المبلغ دينار | G6: المبلغ $ | H6: مسؤول الصيانه | I6: اضافة /هايدوليك لتر | J6: ملاحظات
A7: 1 | C7: 4984 | D7: 27/5/2023 | E7: اطارات | G7: 335 | H7: علي غازي
A8: 2 | C8: 8806 | D8: 45791 | E8: كويل+زوج اطارات | F8: 1747000 | H8: علي غازي
A9: 3 | C9: 9738 | D9: 45913 | E9: زوج اطارات | F9: 260000 | H9: علي غازي
A10: 4
A11: 5
A12: 6
A13: 7
A14: 8
A15: 9
A16: 10
A17: 11
A18: 12
A19: 13
A20: 14
A21: 15
... A28: 22
B29: المجموع الكلي | F29: =SUM(F7:F28) -> 2007000 | G29: =SUM(G7:G28) -> 335

Sheet شفل8664
A1: صيانة الاليات
A2: 51 | B2: شفل كاوساكي 85 | E2: الموديل | F2: 2010 | H2: الموقع: | K2: رجوع الى جدول الاليات
B3: رقمها : | C3: 8664 سليمانية | E3: المالك | F3: هيثم قاسم | H3: مسؤول الالية :
B5: الشهر | C5: 2025/31/07
A6: # | B6: اسم السائق / المسؤول | C6: رقم الوصل | D6: تاريخ | E6: تفاصيل الصيانه | F6: المبلغ دينار | G6: المبلغ $ | H6: مسؤول الصيانه | I6: اضافة /هايدوليك لتر | J6: ملاحظات
A7: 1 | C7: قيد 97 | D7: 45023 | E7: صيانة | F7: 60000
A8: 2 | C8: 5365 | D8: 45268 | E8: تبديل كلاتور | F8: 150000
A9: 3 | C9: 6049 | D9: 13/1/2024 | E9: فلتر | F9: 40000 | H9: علي غازي
A10: 4
A11: 5
A12: 6
A13: 7
A14: 8
A15: 9
A16: 10
A17: 11
A18: 12
A19: 13
A20: 14
A21: 15
... A31: 25
B32: المجموع الكلي | F32: =SUM(F7:F31) -> 250000 | G32: =SUM(G7:G31) -> 0

Sheet شفل  8624
A1: صيانة الاليات
A2: 52 | B2: شفل جي سي بي | E2: الموديل | F2: 2007 | H2: الموقع: | K2: رجوع الى جدول الاليات
B3: رقمها : | C3: 8624 أ بصرة | E3: المالك | F3: القبس | H3: مسؤول الالية :
B5: الشهر | C5: 2025/31/07
A6: # | B6: اسم السائق / المسؤول | C6: رقم الوصل | D6: تاريخ | E6: تفاصيل الصيانه | F6: المبلغ دينار | G6: المبلغ $ | H6: مسؤول الصيانه | I6: اضافة /هايدوليك لتر | J6: ملاحظات
A7: 1 | C7: 6861 | D7: 45451 | E7: جوزة تشغيل | F7: 30000 | H7: علي غازي
A8: 2 | C8: 7580 | D8: 45649 | E8: تصليح سلف+تبديل قاعدة فحمات+بوش+عمل | F8: 140000 | H8: علي غازي
A9: 3 | C9: 7882 | D9: 45705 | E9: اطار+انبوب | F9: 158000 | H9: علي غازي
A10: 4
A11: 5
A12: 6
A13: 7
A14: 8
A15: 9
A16: 10
A17: 11
A18: 12
A19: 13
A20: 14
A21: 15
... A35: 29
B36: المجموع الكلي | F36: =SUM(F7:F35) -> 328000 | G36: =SUM(G7:G35) -> 0

Sheet شفل77701
A1: صيانة الاليات
A2: 53 | B2: شفل كاوساكي 90z | E2: الموديل | F2: 2006 | H2: الموقع: | K2: رجوع الى جدول الاليات
B3: رقمها : | C3: 77701 ط بغداد | E3: المالك | F3: شركة القبس | H3: مسؤول الالية :
B5: الشهر | C5: 2025/31/07
A6: # | B6: اسم السائق / المسؤول | C6: رقم الوصل | D6: تاريخ | E6: تفاصيل الصيانه | F6: المبلغ دينار | G6: المبلغ $ | H6: مسؤول الصيانه | I6: اضافة /هايدوليك لتر | J6: ملاحظات
A7: 1 | C7: 4984 | D7: 27/5/2023 | E7: تجفيت جك | F7: 250000 | H7: علي غازي
A8: 2 | C8: 4984 | D8: 27/5/2023 | E8: صيانة شفل | F8: 750000 | H8: علي غازي
A9: 3 | C9: 5122 | D9: 21/6/2023 | E9: قاعدة صياد | G9: 70 | H9: علي غازي
A10: 4 | C10: 5122 | D10: 21/6/2023 | E10: بطاريات | F10: 315000 | H10: علي غازي
A11: 5 | C11: قيد 162 | D11: 26/12/2023 | E11: صيانه | F11: 440000
A12: 6 | C12: 6003 | D12: 45352 | E12: تعديل بيانات المركبه | F12: 734000 | H12: ابو مروان
A13: 7 | C13: 6049 | D13: 13/1/2024 | E13: تخم بوش+ستيم+رنك+بيرن بكن+تخم واشر+بم+ولف+نوزل+واشرات بم+فلتر كير+زيت+اجور عمل تجفيت بم | F13: 1150000 | G13: 1995 | H13: علي غازي
A14: 8 | C14: 6049 | D14: 13/1/2024 | E14: صيانه | F14: 295000 | H14: علي غازي
A15: 9 | C15: قيد 5 | D15: 16/1/2024 | E15: كهربائيات | F15: 125000
A16: 10 | C16: 6145 | D16: 31/1/2024 | E16: صيانة | F16: 225000 | H16: علي غازي
A17: 11 | C17: قيد 8 | D17: 45293 | E17: هيدروليك+فلتر | F17: 275000 | H17: مروان محمد امين
A18: 12 | C18: 7717 | D18: 45676 | E18: جامه اماميه | F18: 300000 | H18: علي غازي
A19: 13 | C19: 8152 | D19: 45760 | E19: تجفيت واتر بم+تبديل جبن ماء و دهن+جراخة الشفت+اجور عمل | F19: 60000 | H19: علي غازي
A20: 14 | C20: 8713 | D20: 45777 | E20: فلاتر | F20: 30000 | H20: علي غازي
A21: 15 | C21: 9087 | D21: 45836 | E21: جوين سحب وراجع هيدروليك+تصليح سلف وكور+شوته | F21: 280000 | H21: علي غازي
A22: 16 | C22: 9203 | D22: 45848 | E22: تصليح سلف شفل | F22: 100000 | H22: علي غازي
A23: 17 | C23: 9434 | D23: 45874 | E23: بوشة براد | F23: 45000 | H23: علي غازي
A24: 18 | C24: 9539 | D24: 45890 | E24: اوتماتيك سلف | F24: 50000 | H24: علي غازي
A25: 19 | C25: 9738 | D25: 45913 | E25: اوتماتيك شفل+اجور عمل | F25: 135000 | H25: علي غازي
A26: 20 | C26: 101 | D26: 18/10/2025 | E26: دينمو | F26: 250000 | H26: علي غازي
A27: 21 | C27: 343 | D27: 45983 | E27: عمل كيلة شفل حجم 90 | G27: 4000 | H27: علي غازي
A28: 22 | C28: 883 | D28: 29/1/2026 | E28: سلف | F28: 447000 | H28: علي غازي
A29: 23 | C29: 1394 | D29: 46300 | E29: شيال كاردن+صليب++اجور عمل+زوجين اطارات+فلاتر | F29: 11070000 | H29: علي غازي
A30: 24
A31: 25
A32: 26
A33: 27
A34: 28
A35: 29
A36: 30
A37: 31
A38: 32
A39: 33
A40: 34
A41: 35
... A59: 53
B60: المجموع الكلي | F60: =SUM(F7:F59) -> 17326000 | G60: =SUM(G7:G59) -> 6065

Sheet شفل6010
A2: 54 | B2: شفل بوب كات | E2: الموديل | F2: 2007 | H2: الموقع: | K2: رجوع الى جدول الاليات
B3: رقمها : | C3: 21- 6010 | E3: المالك | F3: خالد علي | H3: مسؤول الالية :
B5: الشهر | C5: 2025/31/07
A6: # | B6: اسم السائق / المسؤول | C6: رقم الوصل | D6: تاريخ | E6: تفاصيل الصيانه | F6: المبلغ دينار | G6: المبلغ $ | H6: مسؤول الصيانه | I6: اضافة /هايدوليك لتر | J6: ملاحظات
A7: 1 | C7: 4742 | D7: 45203 | E7: ضريبه في مرور اربيل رقم الوصل 0980705 | F7: 119000 | H7: علي غازي
A8: 2 | C8: 4880 | D8: 45082 | E8: بطاريه | F8: 80000 | H8: علي غازي
A9: 3 | C9: 6317 | D9: 23/3/2024 | E9: ضريبة تحويل في مرور اربيل + فندق + اجور نقل | F9: 303000 | H9: علي غازي
A10: 4 | C10: 7348 | D10: 45619 | E10: بطاريه | F10: 65000 | H10: علي غازي
A11: 5 | C11: 7717 | D11: 45676 | E11: اطارات | F11: 270000 | H11: علي غازي
A12: 6 | C12: 7882 | D12: 45705 | E12: كايد+ولف+تخم واشر+نوزل+اجور عمل | F12: 680000 | H12: علي غازي
A13: 7 | C13: 7992 | D13: 45722 | E13: تجفيت جك | F13: 150000 | H13: علي غازي
A14: 8 | C14: 8713 | D14: 45777 | E14: بطاريه | F14: 95000 | H14: علي غازي
A15: 9 | C15: 8806 | D15: 45791 | E15: سلف عدد 2 + فلتر كاز | F15: 264000 | H15: علي غازي
A16: 10 | C16: 8806 | D16: 45791 | E16: اجور عمل كهربائي | F16: 250000 | H16: علي غازي
A17: 11 | C17: 9087 | D17: 45836 | E17: اطار واحد | F17: 260000 | H17: علي غازي
A18: 12 | C18: 9638 | D18: 45900 | E18: بطاريه عدد 2 | F18: 225000 | H18: علي غازي
A19: 13 | C19: 9738 | D19: 45913 | E19: تجفيت جك | F19: 90000 | H19: علي غازي
A20: 14 | C20: 101 | D20: 18/10/2025 | E20: زوج اطارات | F20: 250000 | H20: علي غازي
A21: 15 | C21: 559 | D21: 46011 | E21: قايش | F21: 75000 | H21: علي غازي
A22: 16 | C22: 615 | D22: 46018 | E22: رولة قايش+قايش مزدوج | F22: 165000 | H22: علي غازي
A23: 17 | C23: 668 | D23: 46082 | E23: رباط+قايش مزدوج+فلتر كاز | F23: 194000 | H23: علي غازي
A24: 18 | C24: 1158 | D24: 18/3/2026 | E24: زوج اطارات | F24: 270000 | H24: علي غازي
A25: 19
A26: 20
A27: 21
A28: 22
A29: 23
A30: 24
A31: 25
A32: 26
A33: 27
B34: المجموع الكلي | F34: =SUM(F6:F33) -> 3805000 | G34: =SUM(G6:G33) -> 0

Sheet شفل2493
A1: صيانة الاليات
A2: 55 | B2: شفل كاوساكي 85z | E2: الموديل | F2: 2004 | H2: الموقع: | K2: رجوع الى جدول الاليات
B3: رقمها : | C3: 2493 أ بابل | E3: المالك | F3: شركة القبس | H3: مسؤول الالية :
B5: الشهر | C5: 2025/31/07
A6: # | B6: اسم السائق / المسؤول | C6: رقم الوصل | D6: تاريخ | E6: تفاصيل الصيانه | F6: المبلغ دينار | G6: المبلغ $ | H6: مسؤول الصيانه | I6: اضافة /هايدوليك لتر | J6: ملاحظات
A7: 1 | B7: عمر صباح | D7: 44951 | E7: شراء ستدات كور + اجور فتح وتجفيت وشد محرك شفل | F7: 350000 | H7: هيلان ابراهيم
A8: 2 | C8: 4702 | D8: 22/3/2023 | E8: تجديد سنويه | F8: 515000 | H8: ابو مروان
A9: 3 | C9: 5166 | D9: 44992 | E9: تبديل محرك | G9: 1650 | H9: علي غازي
A10: 4 | C10: 5666 | D10: 22/10/2023 | E10: شوتة هواء+كيج حماوه+جوزة حماوه+عكس سن+راس عدل+زبانه سن | F10: 216000 | H10: علي غازي
A11: 5 | C11: 5922 | D11: 20/12/2023 | E11: قاطع دوره+جوزة كير+اسبول كامل | F11: 550000 | H11: علي غازي
A12: 6 | C12: قيد 5 | D12: 16/1/2024 | E12: تصليح كير+كهربائيات | F12: 250000
A13: 7 | C13: 6145 | D13: 31/1/2024 | E13: صيانة | F13: 225000 | H13: علي غازي
A14: 8 | C14: قيد 8 | D14: 45293 | E14: هيدروليك+فلتر+جوزة كير | F14: 300000 | H14: مروان محمد امين
A15: 9 | C15: 6633 | D15: 15/6/2024 | E15: براد دهن+واشر براد+فلتر دهن | F15: 162000 | H15: علي غازي
A16: 10 | C16: 7348 | D16: 45619 | E16: لبه+جوزه مع فيشه | F16: 260000 | H16: علي غازي
A17: 11 | C17: 7580 | D17: 45649 | E17: اطارات | G17: 2950 | H17: علي غازي
A18: 12 | C18: 7658 | D18: 45662 | E18: تجفيت جك رئيسي+جك ستيرن | F18: 515000 | H18: علي غازي
A19: 13 | C19: 7717 | D19: 45676 | E19: بولبرن | F19: 20000 | H19: علي غازي
A20: 14 | C20: 7992 | D20: 45722 | E20: راديتر شفل 6بوري فافون | F20: 600000 | H20: علي غازي
A21: 15 | C21: 9920 | D21: 45931 | E21: فلاتر | F21: 80000 | H21: علي غازي
A22: 16 | C22: 101 | D22: 18/10/2025 | E22: داينمو | F22: 120000 | H22: علي غازي
A23: 17 | C23: 303 | D23: 45977 | E23: جوب+اكس تي | F23: 115000 | H23: علي غازي
A24: 18 | C24: 559 | D24: 46011 | E24: سن+قاعدة شفل+بيم+سجه+اجور عمل فيتر فتح بم | F24: 1235000 | H24: علي غازي
A25: 19 | C25: 615 | D25: 46018 | E25: جراخة كور مع كايد مع كراين+شراء فلسان كور+جراخة كرنك+تبديل بوش كمشفت+تبديل كوجن بيم+فحص+تجفيت بم مع النوزلات+كايد+ولف+نوزلات+واشر+اجور عمل+كوجم بين+تجفيت محرك | F25: 4880000 | H25: علي غازي
A26: 20 | C26: 794 | D26: 17/1/2026 | E26: بطاريه عدد2+شوتة هواء+فلسان+مواد للعمل+جوينات+اجور تجفيت محرك+اجور فتح وشد كير | F26: 1768000 | H26: علي غازي
A27: 21 | C27: 1394 | D27: 46300 | E27: فلتر دهن عدد 4+اجور عمل فيتر | F27: 435000 | H27: علي غازي
A28: 22
A29: 23
A30: 24
A31: 25
A32: 26
A33: 27
A34: 28
A35: 29
A36: 30
A37: 31
A38: 32
A39: 33
... A51: 45
B52: المجموع الكلي | F52: =SUM(F7:F51) -> 12596000 | G52: =SUM(G7:G51) -> 4600

Sheet شفل 50915 
A1: صيانة الاليات
A2: 1 | B2: هونداي توسان ستيشن | E2: الموديل | F2: 2001 | H2: الموقع: | I2: مخزن الدورة | K2: رجوع الى جدول الاليات
B3: رقمها : | C3: 50915 | E3: المالك | F3: سمو بغداد الخضراء | H3: مسؤول الالية :
B5: الشهر | C5: 45900 | E5: العداد السابق | H5: العداد النهائي :
A6: # | B6: اسم السائق/المسؤول | C6: رقم الوصل | D6: تاريخ | E6: تفاصيل الصيانه | F6: المبلغ دينار | G6: المبلغ $ | H6: مسؤول الصيانه | I6: اضافة /هايدوليك لتر | J6: العداد
A7: 1 | C7: 9638 | D7: 45900 | E7: بطاريه عدد2+مادة غسل 2 دبه | F7: 210000 | H7: علي غازي
A8: 2
A9: 3
A10: 4
A11: 5
A12: 6
A13: 7
A14: 8
A15: 30
A16: 31
A17: 32
A18: 33
A19: 34
... A97: 112
B98: المجموع الكلي | F98: =SUM(F7:F97) -> 210000 | G98: =SUM(G7:G97) -> 0

Sheet شفل57943
A1: صيانة الاليات
A2: 56 | B2: شفل كاوسكي 60Z | E2: الموديل | F2: 2002 | H2: الموقع: | K2: رجوع الى جدول الاليات
B3: رقمها : | C3: 57943 ط بغداد | E3: المالك | F3: شركة القبس | H3: مسؤول الالية :
B5: الشهر | C5: 2025/31/07
A6: # | B6: اسم السائق / المسؤول | C6: رقم الوصل | D6: تاريخ | E6: تفاصيل الصيانه | F6: المبلغ دينار | G6: المبلغ $ | H6: مسؤول الصيانه | I6: اضافة /هايدوليك لتر | J6: ملاحظات
A7: 1 | B7: حسن محمود عيادة | D7: 44957 | E7: تصليح راديتر ماء شفل | F7: 25000 | H7: هيلان ابراهيم
A8: 2 | C8: 485 | D8: 17/5/2023 | E8: دشلي سلف | F8: 50000 | H8: علي غازي
A9: 3 | C9: 485 | D9: 17/5/2023 | E9: اطارات | G9: 1125 | H9: علي غازي
A10: 4 | C10: 4984 | D10: 27/5/2023 | E10: دشلي فلاوين | F10: 85000 | H10: علي غازي
A11: 5 | C11: 4984 | D11: 27/5/2023 | E11: اطارات | G11: 1150 | H11: علي غازي
A12: 6 | C12: 5596 | D12: 45117 | E12: صيانه | G12: 126 | H12: علي غازي
A13: 7 | C13: 6758 | D13: 14/7/2024 | E13: تبديل راديتر+القزان+قايش+هيدروليك | F13: 1005000 | H13: علي غازي
A14: 8 | C14: 7621 | D14: 45655 | E14: تربو جارج | F14: 240000 | H14: علي غازي
A15: 9 | C15: 7658 | D15: 45662 | E15: بستن بريك+جبنة ويل+حديد | F15: 589000 | H15: علي غازي
A16: 10 | C16: 7992 | D16: 45722 | E16: بيم صينيه+بيم جك+بوري سوبر+بيم | F16: 205000 | H16: علي غازي
A17: 11 | C17: 8713 | D17: 45777 | E17: نربو جارج كمنز | F17: 235000 | H17: علي غازي
A18: 12 | C18: 8850 | D18: 45798 | E18: زوج اطارات | F18: 1600000 | H18: علي غازي
A19: 13 | C19: 8981 | D19: 45813 | E19: بوشة بيم+لاينة بيم+بيم كيله+راس مشحمه عدد 2 | F19: 180000 | H19: علي غازي
A20: 14 | C20: 615 | D20: 46018 | E20: فلتر دهن | F20: 24000 | H20: علي غازي
A21: 15 | C21: 794 | D21: 17/1/2026 | E21: سجة شفل | F21: 250000 | H21: علي غازي
A22: 16
A23: 17
A24: 18
B25: المجموع الكلي | F25: =SUM(F7:F24) -> 4488000 | G25: =SUM(G7:G24) -> 2401

Sheet شفل57946
A1: صيانة الاليات
A2: 57 | B2: شفل كاوسكي 70Z | E2: الموديل | F2: 2001 | H2: الموقع: | K2: رجوع الى جدول الاليات
B3: رقمها : | C3: بغداد 57946 | E3: المالك | F3: شركة القبس | H3: مسؤول الالية :
B5: الشهر | C5: 2025/31/07
A6: # | B6: اسم السائق / المسؤول | C6: رقم الوصل | D6: تاريخ | E6: تفاصيل الصيانه | F6: المبلغ دينار | G6: المبلغ $ | H6: مسؤول الصيانه | I6: اضافة / هايدوليك لتر | J6: ملاحظات
A7: 1 | B7: هيلان ابراهيم | D7: 45048 | E7: بطل تبريد , قايش + رولة , غاز فحص | F7: 175000 | H7: هيلان ابراهيم
A8: 2 | B8: علي غازي | C8: 4560 | D8: 25/2/2023 | E8: صيانه | F8: 225000 | H8: علي غازي
A9: 3 | C9: قيد 42 | D9: 45262 | E9: صيانه | F9: 267000
A10: 4 | C10: قيد 42 | D10: 18/2/2023 | E10: صيانه | F10: 397000
A11: 5 | C11: قيد 42 | D11: 20/2/2023 | E11: صيانه | F11: 90000
A12: 6 | C12: قيد 42 | D12: 26/2/2024 | E12: صيانه | F12: 1070000
A13: 7 | C13: 5488 | D13: 16/9/2023 | E13: طوق تركي | G13: 775 | H13: علي غازي
A14: 8 | C14: 5792 | D14: 20/11/2023 | E14: كهربائيات+كرين+تورنجي+مواد متفرقه+اجرة عمل | F14: 2400000 | H14: علي غازي
A15: 9 | C15: 6633 | D15: 15/6/2024 | E15: بوش رنك+ولف+بيرن+واشر محرك+براد+واتر بم+جوزة حماوه+رايمر | F15: 1852500 | H15: علي غازي
A16: 10 | C16: 6758 | D16: 14/7/2024 | E16: بكن+تخم واشر محرك+سيت فلس+دهن وفلاتر | F16: 240000 | H16: علي غازي
A17: 11 | C17: 7587 | D17: 45650 | E17: شوتة هواء | F17: 50000 | H17: علي غازي
A18: 12 | C18: 7658 | D18: 45662 | E18: حديد | F18: 275000 | H18: علي غازي
A19: 13 | C19: 7717 | D19: 45676 | E19: اطارات | F19: 1950000 | H19: علي غازي
A20: 14 | C20: 8806 | D20: 45791 | E20: فلتر دهن | F20: 15000 | H20: علي غازي
A21: 15 | C21: 8850 | D21: 45798 | E21: تصليح تاروسة هواء | F21: 90000 | H21: علي غازي
A22: 16 | C22: 9087 | D22: 45836 | E22: شوته | F22: 40000 | H22: علي غازي
A23: 17 | C23: 9434 | D23: 45874 | E23: بطاريه 150 امبير عدد2 | F23: 310000 | H23: علي غازي
A24: 18 | C24: 9539 | D24: 45890 | E24: واتر بم | F24: 35000 | H24: علي غازي
A25: 19 | C25: 9920 | D25: 45931 | E25: اطارات | F25: 2340000 | H25: علي غازي
C26: 559 | D26: 46011 | E26: فلتر هيدروليك+تاروسه | F26: 330000 | H26: علي غازي
C27: 668 | D27: 46082 | E27: بم شفل+بم ثانوي+بم مشي | F27: 400000 | H27: علي غازي
B49: المجموع الكلي | F49: =SUM(F7:F48) -> 12551500 | G49: =SUM(G7:G48) -> 775

Sheet شفل22745
A1: صيانة الاليات
A2: 58 | B2: شفل كاوساكي80 | E2: الموديل | F2: 1985 | H2: الموقع: | K2: رجوع الى جدول الاليات
B3: رقمها : | C3: 22745 أ أنبار | E3: المالك | F3: شركة القبس | H3: مسؤول الالية :
B5: الشهر | C5: 2025/31/07
A6: # | B6: اسم السائق / المسؤول | C6: رقم الوصل | D6: تاريخ | E6: تفاصيل الصيانه | F6: المبلغ دينار | G6: المبلغ $ | H6: مسؤول الصيانه | I6: اضافة /هايدوليك لتر | J6: ملاحظات
A7: 1 | C7: 4984 | D7: 27/5/2023 | E7: صيانه | F7: 135000 | G7: 950 | H7: علي غازي
A8: 2 | C8: 5122 | D8: 21/6/2023 | E8: تخم واشر | F8: 150000 | H8: علي غازي
A9: 3 | C9: 5396 | D9: 22/8/2023 | E9: صيانه | G9: 380 | H9: علي غازي
A10: 4 | C10: 5666 | D10: 22/10/2023 | E10: سن شفل+براغي+سكن 270م | F10: 1105000 | H10: علي غازي
A11: 5 | C11: 5922 | D11: 20/12/2023 | E11: سلف+تجفيت جكات+واشرات+تبديل بطل+اجور تورنه | F11: 1575000 | H11: علي غازي
A12: 6 | C12: 7071 | D12: 45560 | E12: قاعدة نيسان براد+واشرات براد | F12: 125000 | H12: علي غازي
A13: 7 | C13: 7348 | D13: 45619 | E13: ثكال بنكه | F13: 90000 | H13: علي غازي
A14: 8 | C14: 7348 | D14: 45619 | E14: جراخة كرنك+تبديل بيرن بكن+بوش كام شفت | F14: 525000 | H14: علي غازي
A15: 9 | C15: 7348 | D15: 45619 | E15: بوش محرك+بستم+كوجنبيم+رنك+بيرن بكن+بوش كام شفت+واشر محرك+براد دهن | F15: 1700000 | H15: علي غازي
A16: 10 | C16: 7348 | D16: 45619 | E16: بم+رولة قوايش+تايمن+اذرع مكينه | F16: 950000 | H16: علي غازي
A17: 11 | C17: 7621 | D17: 45655 | E17: اوفر هول+بوشة كرنك | F17: 150000 | H17: علي غازي
A18: 12 | C18: 7621 | D18: 45655 | E18: كرنك+بيرن بكن+هلالات+اذرع | F18: 1200000 | H18: علي غازي
A19: 13 | C19: 7658 | D19: 45662 | E19: فلتر+سيليكون اصلي+منظف محرك | F19: 42000 | H19: علي غازي
A20: 14 | C20: 7717 | D20: 45676 | E20: قبغ دهن+واشر بم محرك+بوشة براد ماء+فافونة براد ماء+فلتر دهن | F20: 315000 | H20: علي غازي
A21: 15 | C21: 343 | D21: 45983 | E21: قاعدة سن كيله+تيب سن+بيم+واشر+سيلين V24مكاين | F21: 1294000 | G21: 350 | H21: علي غازي
A22: 16
A23: 17
A24: 18
A25: 19
A26: 20
A27: 21
A28: 22
A29: 23
A30: 24
A31: 25
A32: 26
A33: 27
... A59: 53
B60: المجموع الكلي | F60: =SUM(F7:F59) -> 9356000 | G60: =SUM(G7:G59) -> 1680

Sheet 96004 شفل 
A1: صيانة الاليات
A2: 3 | B2: شفل | E2: الموديل | F2: 2012 | H2: الموقع: | K2: رجوع الى جدول الاليات
B3: رقمها : | C3: 96004 ف بغداد | E3: المالك | F3: شركة القبس | H3: مسؤول الالية :
B5: الشهر | E5: العداد السابق | H5: العداد النهائي : | I5: =MAX(J7:J141) -> 0
A6: # | B6: اسم السائق / المسؤول | C6: رقم الوصل | D6: تاريخ | E6: تفاصيل الصيانه | F6: المبلغ دينار | G6: المبلغ $ | H6: مسؤول الصيانه | I6: اضافة /هايدوليك لتر | J6: ملاحظات
B35: المجموع الكلي | F35: =SUM(F7:F34) -> 0 | G35: =SUM(G7:G34) -> 0
A36: =A36:K54 -> 0

Sheet بلدوزر8640
A1: صيانة الاليات
A2: 59 | B2: بلدوزر كتر بلر / شفل مسرف | E2: الموديل | F2: 2010 | H2: الموقع: | K2: رجوع الى جدول الاليات
B3: رقمها : | C3: 8640 أ بصرة | E3: المالك | F3: شركة القبس | H3: مسؤول الالية :
B5: الشهر | C5: 2025/31/07
A6: # | B6: اسم السائق / المسؤول | C6: رقم الوصل | D6: تاريخ | E6: تفاصيل الصيانه | F6: المبلغ دينار | G6: المبلغ $ | H6: مسؤول الصيانه | I6: اضافة /هايدوليك لتر | J6: ملاحظات
A7: 1
A8: 2
A9: 3
A10: 4
A11: 5
A12: 6
A13: 7
A14: 8
A15: 9
A16: 10
A17: 11
A18: 12
... A36: 30
B37: المجموع الكلي | F37: =SUM(F7:F36) -> 0 | G37: =SUM(G7:G36) -> 0

Sheet  كريدر 50913
A1: صيانة الاليات
A2: 60 | B2: كريدر - كتربلر | E2: الموديل | F2: 1998 | H2: الموقع: | K2: رجوع الى جدول الاليات
B3: رقمها : | C3: 50913 ط بغداد | E3: المالك | F3: شركة القبس | H3: مسؤول الالية :
B5: الشهر | C5: 2025/31/07
A6: # | B6: اسم السائق / المسؤول | C6: رقم الوصل | D6: تاريخ | E6: تفاصيل الصيانه | F6: المبلغ دينار | G6: المبلغ $ | H6: مسؤول الصيانه | I6: اضافة /هايدوليك لتر | J6: ملاحظات
A7: 1 | C7: 5488 | D7: 16/9/2023 | E7: صيانه | F7: 514000 | H7: علي غازي
A8: 2 | C8: 5596 | D8: 45117 | E8: صيانه | F8: 1360000 | H8: علي غازي
A9: 3 | C9: 6381 | D9: 13/4/2024 | E9: كت لب اصابع+كت كونترول+كت كريدر+اجور عمل | F9: 1385000 | H9: علي غازي
A10: 4 | C10: 9920 | D10: 45931 | E10: جوب + سفيفه | F10: 90000 | H10: علي غازي
A11: 5 | C11: 303 | D11: 45977 | E11: كبس صونده+فلاتر | F11: 130000 | H11: علي غازي
A12: 6 | C12: 343 | D12: 45983 | E12: صالنصه+بوري+قفايص | F12: 175000 | H12: علي غازي
A13: 7 | C13: 559 | D13: 46011 | E13: مفتاح كريدر | F13: 20000 | H13: علي غازي
A14: 8
A15: 9
A16: 10
A17: 11
A18: 12
A19: 13
A20: 14
A21: 15
A22: 16
A23: 17
A24: 18
A25: 19
... A29: 23
B30: المجموع الكلي | F30: =SUM(F7:F29) -> 3674000 | G30: =SUM(G7:G29) -> 0

Sheet بلدوزر 50826
A1: صيانة الاليات
A2: 61 | B2: بلدوزر - كتربلر | E2: الموديل | F2: 1998 | H2: الموقع: | K2: رجوع الى جدول الاليات
B3: رقمها : | C3: 50826 ط بغداد | E3: المالك | F3: سمو بغداد | H3: مسؤول الالية :
B5: الشهر | C5: 2025/31/07
A6: # | B6: اسم السائق / المسؤول | C6: رقم الوصل | D6: تاريخ | E6: تفاصيل الصيانه | F6: المبلغ دينار | G6: المبلغ $ | H6: مسؤول الصيانه | I6: اضافة /هايدوليك لتر | J6: ملاحظات
A7: 1 | C7: 5488 | D7: 16/9/2023 | E7: صيانه | F7: 1230000 | H7: علي غازي
A8: 2 | C8: 5666 | D8: 22/10/2023 | E8: بطاريه | F8: 350000 | H8: علي غازي
A9: 3 | C9: 9539 | D9: 45890 | E9: زوج بطاريات+عمل سبلت | F9: 975000 | H9: علي غازي
A10: 4 | C10: 9539 | D10: 45890 | E10: تصليح سلف+تصليح بم+تبديل كايدات+جراخة كورات+بوش بستم+روكرات+اذان محرك+بوشة صندوق الدشالي+كور+ولفات+كايدات+طقم سبرنكات+فنجان كور+لقم+طقم بيرن بكن+هيدروليك 18 لتر+قفيص سوبر جارج | F10: 7805000 | H10: علي غازي
A11: 5 | C11: 9539 | D11: 45890 | E11: رايمر سلندر و كرنك | F11: 1200000 | H11: علي غازي
A12: 6 | C12: 9638 | D12: 45900 | E12: كبس صوندات+راديتر+بوري+جوين+قفايص+ماء راديتر+مقطر+كنترول رئيسي+برغي كور+بنطة اذن+اذان محرك+قبغ روله+سليف+تصليح براد دهن+هيدروليك مع تنظيف+ربط+زيت ديزل | F12: 5079000 | H12: علي غازي
A13: 7 | C13: 9738 | D13: 45913 | E13: كيج حماوه+برغي قبقاب+مرشحه+سن روتر+بيم روز+روله+سيروكين+طقم كازكيت اوفرهول+طقم واشرات+جبن متنوعه+فلاتر+شوته+سيليكون+كت واتربم+قبغ راديتر+شوتة هواء+كت سكين مع سيم+ربلات+كتات متنوعه+روله+صالنصه+استدات+بوشة ضاغطه+بوري كاز+بلك حماوه+كت تانكي هيدروليك+فلتر هيدروليك+كت ربلات+كيج اويل+واشر كونترول+لنكه مع قبقاب+رولة زنجيل علويه+كلبسات+بروجكتر+فيوزات+تيب+شريط+فيوز دحس+دكمه ستيل+لافته عرموطه | F13: 4976000 | H13: علي غازي
A14: 8 | C14: 9920 | D14: 45931 | E14: مرشحه+كت زنجيل+فلاتر+شوته+قبغ كاز | F14: 410000 | H14: علي غازي
A15: 9 | C15: 101 | D15: 18/10/2025 | E15: تبديل زنجيل+لنكات+سبروكت+رولات+براغي جك | F15: 2150000 | H15: علي غازي
A16: 10 | C16: 343 | D16: 45983 | E16: تجفيت جكات+داينمو | F16: 1695000 | H16: علي غازي
A17: 11 | C17: 1158 | D17: 18/3/2026 | E17: اجور عمل كهربائي | F17: 350000 | H17: علي غازي
A18: 12
A19: 13
A20: 14
A21: 15
A22: 16
A23: 17
A24: 18
A25: 19
A26: 20
A27: 21
A28: 22
A29: 23
... A31: 25
B32: المجموع الكلي | F32: =SUM(F7:F31) -> 26220000 | G32: =SUM(G7:G31) -> 0

Sheet بلدوزر 8641
A1: صيانة الاليات
A2: 62 | B2: بلدوزر كتر بلر دي 8 | E2: الموديل | H2: الموقع: | K2: رجوع الى جدول الاليات
B3: رقمها : | C3: 8641 أ بصرة | E3: المالك | F3: القبس | H3: مسؤول الالية :
B5: الشهر | C5: 2025/31/07
A6: # | B6: اسم السائق / المسؤول | C6: رقم الوصل | D6: تاريخ | E6: تفاصيل الصيانه | F6: المبلغ دينار | G6: المبلغ $ | H6: مسؤول الصيانه | I6: اضافة /هايدوليك لتر | J6: ملاحظات
A7: 1 | C7: 9203 | D7: 45848 | E7: قايش + لحام + تصليح بم كاز + بوشه + لاينه كام شفت + تجفيت بم + طقم بوش كوجن بيم + طقم بوش كام شفت + طقم بوش تايمن كيس + ولف كور حار + بوشكوجن بيم + كت اكزوز + كت واتربم + واشر تايمن + كت فنديشن + كايد +طقم بيرن بكن + ولف كور | F7: 8758000 | H7: علي غازي
A8: 2 | C8: 9434 | D8: 45874 | E8: كبس وتبديل صونده+صونده+راديتر+فافونه+براص كور+اويل بم مع شفت+كوبلن بم كاز+مصفي+واشرات سلندر+بولبرنات+دشلي+تبديل كايدات+جراخه+ | F8: 6397000 | H8: علي غازي
A9: 3 | C9: 9539 | D9: 45890 | E9: زوج بطاريات+عمل سبلت+دبة مزيل | F9: 1005000 | H9: علي غازي
A10: 4 | C10: 9539 | D10: 45890 | E10: عمل سبلت | F10: 675000 | H10: علي غازي
A11: 5 | C11: 9539 | D11: 45890 | E11: قفايص+براغي+رواسط+سبرنك+مثلث فخذ+اجور عمل+جلكان دهن+سبروكت+روله+براغي+بليته+ترجيه وشفت ويل+قاعدة كرسي+ادوات احتياطيه متنوعه+فلنجه وواشرات+بولبرنات+طقم رنكات وبوش | F11: 8927000 | H11: علي غازي
A12: 6 | C12: 9539 | D12: 45890 | E12: صيانة سلف مع داينمو | F12: 275000 | H12: علي غازي
A13: 7 | C13: 9920 | D13: 45931 | E13: فلاتر+شوته+قبغ كاز | F13: 240000 | H13: علي غازي
A14: 8 | C14: 101 | D14: 18/10/2025 | E14: لنكه زنجيل +براغي+براغي قيقاب | F14: 370000 | H14: علي غازي
A15: 9 | C15: 343 | D15: 45983 | E15: لانك مع بيم | F15: 410000 | H15: علي غازي
A16: 10 | C16: 559 | D16: 46011 | E16: كاترجات بم+شفت+كت رفع+بولبرن الرفع+اجور عمل | F16: 1165000 | H16: علي غازي
A17: 11 | C17: 668 | D17: 46082 | E17: اجور عمل زنجيل | F17: 190000 | H17: علي غازي
A18: 12
A19: 13
A20: 14
A21: 15
A22: 16
A23: 17
A24: 18
A25: 19
A26: 20
A27: 21
A28: 22
A29: 23
... A35: 29
B36: المجموع الكلي | F36: =SUM(F7:F35) -> 28412000 | G36: =SUM(G7:G35) -> 0

Sheet جي سي بي 8627
A1: صيانة الاليات
A2: 63 | B2: جي سي بي لودر | E2: الموديل | F2: 2006 | H2: الموقع: | K2: رجوع الى جدول الاليات
B3: رقمها : | C3: 8627 أ بصرة | E3: المالك | F3: شركة القبس | H3: مسؤول الالية :
B5: الشهر | C5: 2025/31/07
A6: # | B6: اسم السائق / المسؤول | C6: رقم الوصل | D6: تاريخ | E6: تفاصيل الصيانه | F6: المبلغ دينار | G6: المبلغ $ | H6: مسؤول الصيانه | I6: اضافة /هايدوليك لتر | J6: ملاحظات
A7: 1 | B7: عبدالقادر حسين | D7: 44927 | E7: كتف داينمو | F7: 16000 | H7: هيلان ابراهيم
A8: 2
A9: 3
A10: 4
A11: 5
A12: 6
A13: 7
A14: 8
A15: 9
A16: 10
A17: 11
A18: 12
A19: 13
... A36: 30
B37: المجموع الكلي | F37: =SUM(F7:F36) -> 16000 | G37: =SUM(G7:G36) -> 0

Sheet جي سي بي 57945
A1: صيانة الاليات
A2: 64 | B2: جي سي بي شفل | E2: الموديل | F2: 2005 | H2: الموقع: | K2: رجوع الى جدول الاليات
B3: رقمها : | C3: 57945 ط بغداد | E3: المالك | F3: شركة القبس | H3: مسؤول الالية :
B5: الشهر | C5: 2025/31/07
A6: # | B6: اسم السائق / المسؤول | C6: رقم الوصل | D6: تاريخ | E6: تفاصيل الصيانه | F6: المبلغ دينار | G6: المبلغ $ | H6: مسؤول الصيانه | I6: اضافة /هايدوليك لتر | J6: ملاحظات
A7: 1 | B7: علي ابراهيم | D7: 44952 | E7: تصليح داينمو | F7: 15000 | H7: هيلان ابراهيم
A8: 2 | B8: عمر جواد | D8: 45067 | E8: تبديل روس وكبس صوندة | F8: 320000 | H8: هيلان ابراهيم
A9: 3 | B9: عمر جواد | D9: 45082 | E9: صوندة كبس صوندة | F9: 30000 | H9: هيلان ابراهيم
A10: 4 | B10: هيلان ابراهيم | D10: 45087 | E10: شراء صوندة كبس صوندة | F10: 150000 | H10: هيلان ابراهيم
A11: 5 | C11: 6049 | D11: 13/1/2024 | E11: صيانة | F11: 500000 | H11: علي غازي
A12: 6 | C12: 6488 | D12: 45601 | E12: تصليح كور+سلندر+ولف+لاستيك ولف+ادوات محرك متفرقه+صونده+تفلون | F12: 2085000 | H12: علي غازي
A13: 7 | C13: 6633 | D13: 15/6/2024 | E13: جبنة راس كرنك+روله | F13: 185000 | H13: علي غازي
A14: 8 | C14: 7580 | D14: 45649 | E14: جبنه+بولبرن+واشر بريك+بولبرن قاعدة 4+بولبرن راس الهاوزن | F14: 310000 | H14: علي غازي
A15: 9 | C15: 7587 | D15: 45650 | E15: فلتر هيدروليك | F15: 45000 | H15: علي غازي
A16: 10 | C16: 7829 | D16: 45696 | E16: فيوزات+تجفيت جك+كيير مع تبديل كافة الواشرات+تجفيت جكات+تبديل واشرات+اطارات | F16: 1885000 | H16: علي غازي
A17: 11
A18: 12
A19: 13
A20: 14
A21: 15
A22: 16
A23: 17
A24: 18
A25: 19
B26: المجموع الكلي | F26: =SUM(F7:F25) -> 5525000 | G26: =SUM(G7:G25) -> 0

Sheet كرين 50827
A1: صيانة الاليات
A2: 1 | B2: كرين كروف 50 طن | E2: الموديل | F2: 1998 | H2: الموقع: | K2: رجوع الى جدول الاليات
B3: رقمها : | C3: 50827 ط بغداد | E3: المالك | F3: سمو بغداد | H3: مسؤول الالية :
B5: الشهر | C5: 2025/31/07
A6: # | B6: اسم السائق / المسؤول | C6: رقم الوصل | D6: تاريخ | E6: تفاصيل الصيانه | F6: المبلغ دينار | G6: المبلغ $ | H6: مسؤول الصيانه | I6: اضافة /هايدوليك لتر | J6: ملاحظات
A7: 17 | C7: 6488 | D7: 45601 | E7: جك سحب ودفع | F7: 125000 | H7: علي غازي
A8: 9 | C8: 6633 | D8: 15/6/2024 | E8: زيت | F8: 850000 | H8: علي غازي
A9: 10 | C9: 7071 | D9: 45560 | E9: بطاريه+يدة كير كريدر | F9: 900000 | H9: علي غازي
A10: 11 | C10: 7587 | D10: 45650 | E10: هيدروليك | F10: 728000 | H10: علي غازي
A11: 12 | C11: 7882 | D11: 45705 | E11: برميل هيدروليك+زيت | F11: 1920000 | H11: علي غازي
A12: 13 | C12: 7992 | D12: 45722 | E12: سفيفه تركي | F12: 15000 | H12: علي غازي
A13: 14 | C13: 8062 | D13: 45739 | E13: كونترول كير+فلتر داخلي+حساسات نمر كير | F13: 3000000 | H13: علي غازي
A14: 15 | C14: 8152 | D14: 45760 | E14: زوج اطارات | F14: 4275000 | H14: علي غازي
A15: 16 | C15: 8713 | D15: 45777 | E15: فحمات+جبن+اورنكات+صوندة هيدروليك+جبن منضومه+فحمات جكات+صوندات هيدروليك+جبن الجب+مواد كهربائيه متنوعه+مدكة كاز+مواد كهربائيه للكير+اقراص كير حديد وبراص+فلتر كير+تصليح داينمو+صونده هيدروليك للكير+تصليح منظومة ستيرن+اجور كرين 6 مرات | F15: 6000000 | H15: علي غازي
A16: 17 | C16: 8806 | D16: 45791 | E16: اجور عمل كهربائي | F16: 200000 | H16: علي غازي
A17: 18 | C17: 8850 | D17: 45798 | E17: جبن جوستك+يدات جوستك+ولف هواء+شخاطة تحويل+قاعدة جك+صوندات هواء+طقم واشر كبير اوتماتيك+فتح وتركيب الثقاله+فتح وتركيب الجب+فتح وتركيب الصينيه+فتح وتجفيت السلايدات+فتح وتجفيت الجكات+فتح وتجفيت القامات وتبديل الصوندات+فتح وتجفيت جك الجب+تصليح كهربائية الشاصي+عمل برنامج كير اوتماتيك+تصليح جوستكات جهاز الرفع+تصليح منظومة الهواء+تجفيت كير اوتماتيك | F17: 17250000 | H17: علي غازي
A18: 19 | C18: 9087 | D18: 45836 | E18: سيم+بولبرن+بوشه+روله بكره+ستيل ستاند ستوب+ستيل ستوب صغير | F18: 1659000 | H18: علي غازي
A19: 20 | C19: 9920 | D19: 45931 | E19: دبل بم+بم رباعي+كازكيت | F19: 5230000 | H19: علي غازي
A20: 21 | C20: 101 | D20: 18/10/2025 | E20: تجفيت جك + كرين + عمل تورنه +لحام +تعديل شفت | F20: 750000 | H20: علي غازي
A21: 22 | C21: 303 | D21: 45977 | E21: جوين+قفايص+واشرات مضخه | F21: 140000 | H21: علي غازي
A22: 23 | C22: 668 | D22: 46082 | E22: تصليح كهربائيات | F22: 160000 | H22: علي غازي
A23: 24 | C23: 1093 | D23: 46086 | E23: تسديد حساب عن قيمة مضخات | G23: 2200 | H23: علي غازي
A24: 25 | C24: 1394 | D24: 46300 | E24: تكر كامل مع الشفت+تجفيت جكات صاعد نازل+اجور عمل+طابوكة ولف | F24: 10000000 | H24: علي غازي
A25: 26 | C25: 1428 | D25: 18/5/2026 | E25: مقياس هيدروليك محسن+تجفيت جكات طاب طالع+تبديل اورنكات+طوابيك و ولفات جكات صاعد نازل+جبنة اكسل+بولبرن+بنزات+مواد كهربائيه+تورنجي+اورنكات كبيره+شفت براص+اجور عمل | F25: 2350000 | H25: علي غازي
A26: 27
A27: 28
A28: 29
A29: 30
B30: المجموع الكلي | F30: =SUM(F7:F29) -> 55552000 | G30: =SUM(G7:G29) -> 2200

Sheet كرين 673
A1: صيانة الاليات
A2: 66 | B2: كرين هينو | E2: الموديل | F2: 1994 | H2: الموقع: | K2: رجوع الى جدول الاليات
B3: رقمها : | C3: 673 ر انبار | E3: المالك | F3: شركة القبس | H3: مسؤول الالية :
B5: الشهر | C5: 2025/31/07
A6: # | B6: اسم السائق / المسؤول | C6: رقم الوصل | D6: تاريخ | E6: تفاصيل الصيانه | F6: المبلغ دينار | G6: المبلغ $ | H6: مسؤول الصيانه | I6: اضافة /هايدوليك لتر | J6: ملاحظات
A7: 1 | C7: 7071 | D7: 45560 | E7: سيت ولف رئيسي+اجور عمل+كبس صونده+فيش كير+باور ستيرن+جعمقة ستيرن+دهن هايدروليك | F7: 822000 | H7: علي غازي
A8: 2 | C8: 7272 | D8: 45599 | E8: بطاريه | F8: 140000 | H8: علي غازي
A9: 3 | C9: 7348 | D9: 45619 | E9: فلتر دهن+فلتر كاز | F9: 15000 | H9: علي غازي
A10: 4 | C10: 7587 | D10: 45650 | E10: واير8ملم+عينه+طبله | F10: 240000 | H10: علي غازي
A11: 5 | C11: 7658 | D11: 45662 | E11: استد | F11: 40000 | H11: علي غازي
A12: 6 | C12: 7717 | D12: 45676 | E12: زيت | F12: 30000 | H12: علي غازي
A13: 7 | C13: 7992 | D13: 45722 | E13: واير اصلي | F13: 130000 | H13: علي غازي
A14: 8 | C14: 8981 | D14: 45813 | E14: فلاتر دهن و كاز +تصليح تاروسة هواء | F14: 972000 | H14: علي غازي
A15: 9 | C15: 9203 | D15: 45848 | E15: اطار | F15: 355000 | H15: علي غازي
A16: 10 | C16: 9434 | D16: 45874 | E16: سرفة كلج | F16: 35000 | H16: علي غازي
A17: 11 | C17: 9539 | D17: 45890 | E17: ستيل واير 8 ملم | F17: 60000 | H17: علي غازي
A18: 12 | C18: 519 | D18: 46004 | E18: راديتر+تشييش | F18: 450000 | H18: علي غازي
... A20: 14 | C20: 1093 | D20: 46086 | E20: تجفيت جكات ربل + بولش +اجور عرباين | F20: 430000 | H20: علي غازي
A21: 15
A22: 16
A23: 17
A24: 18
A25: 19
A26: 20
A27: 21
A28: 22
A29: 23
A30: 24
A31: 25
A32: 26
... A36: 30
B37: المجموع الكلي | F37: =SUM(F7:F36) -> 4419000 | G37: =SUM(G7:G36) -> 0

Sheet  كرين53035
A1: صيانة الاليات
A2: 67 | B2: كرين هونداي | E2: الموديل | F2: 1992 | H2: الموقع: | K2: رجوع الى جدول الاليات
B3: رقمها : | C3: 53035 ف بغداد | E3: المالك | F3: شركة القبس | H3: مسؤول الالية :
B5: الشهر | C5: 2025/31/07
A6: # | B6: اسم السائق / المسؤول | C6: رقم الوصل | D6: تاريخ | E6: تفاصيل الصيانه | F6: المبلغ دينار | G6: المبلغ $ | H6: مسؤول الصيانه | I6: اضافة /هايدوليك لتر | J6: ملاحظات
A7: 1 | C7: 5666 | D7: 22/10/2023 | E7: صيانة | F7: 80000 | H7: علي غازي
A8: 2 | C8: 5666 | D8: 22/10/2023 | E8: تجفيت جك | F8: 275000 | H8: علي غازي
A9: 3 | C9: 6488 | D9: 45601 | E9: تصليح كلج+قلايج+تجفيت جك+اجرة كرين+سرفة كلج+تجفيت سنتر جوين+اجور عمل | F9: 3005000 | H9: علي غازي
A10: 4 | C10: 6633 | D10: 15/6/2024 | E10: بورستيرن+نوزل+تصليح بريك+اجور عمل | F10: 590000 | H10: علي غازي
A11: 5 | C11: 6758 | D11: 14/7/2024 | E11: واير10ملم+تجفيت جك طاب طالع+عمل تعديل بريس | F11: 425000 | H11: علي غازي
A12: 6 | C12: 6861 | D12: 45451 | E12: ويل | F12: 150000 | H12: علي غازي
A13: 7 | C13: 7071 | D13: 45560 | E13: تجفيت جكات طاب طالع | F13: 110000 | H13: علي غازي
A14: 8 | C14: 7272 | D14: 45599 | E14: واير 120م | F14: 180000 | H14: علي غازي
A15: 9 | C15: 7580 | D15: 45649 | E15: اذان محرك+دبة فضله+قفيص سبرنك+براغي+واشرات+اجور عمل فتح سبرنكات مع تورنجي+فتح لعابه+سيندل سمال+بوشه+لحام | F15: 635000 | H15: علي غازي
A16: 10 | C16: 7587 | D16: 45650 | E16: جوينات متنوعه مع قفايص+تجفيت واتربم+تبديل بولبرنات+تبديل دبة ماء+اجورعمل+عنبار بريك | F16: 235000 | H16: علي غازي
A17: 11 | C17: 7621 | D17: 45655 | E17: بطل تاروسه | F17: 125000 | H17: علي غازي
A18: 12 | C18: 7829 | D18: 45696 | E18: عمل واير سيم | F18: 35000 | H18: علي غازي
A19: 13 | C19: 8062 | D19: 45739 | E19: تجفيت جكات+اجور حداده+تنظيف | F19: 685000 | H19: علي غازي
A20: 14 | C20: 9203 | D20: 45848 | E20: دك كلج+فلاوين+اجور عمل مع تصليح بريك | F20: 550000 | H20: علي غازي
A21: 15 | C21: 9738 | D21: 45913 | E21: جوين عكس+شوتة هواء+زوج اطارات | F21: 1365000 | H21: علي غازي
A22: 16 | C22: 303 | D22: 45977 | E22: كلج+اجور عمل | F22: 425000 | H22: علي غازي
A23: 17 | C23: 615 | D23: 46018 | E23: كير+دهن+اجرة سياره+كرين | F23: 230000 | G23: 1000 | H23: علي غازي
A24: 18 | C24: 794 | D24: 17/1/2026 | E24: اجور فتح وشد كير | F24: 350000 | H24: علي غازي
A25: 19 | C25: 1158 | D25: 18/3/2026 | E25: كهربائيات+اجور عمل | F25: 812000 | H25: علي غازي
A26: 20 | C26: 1281 | D26: 18/4/2026 | E26: اويل بم | F26: 135000 | H26: علي غازي
A27: 21
A28: 22
A29: 23
A30: 24
B31: المجموع الكلي | F31: =SUM(F7:F30) -> 10397000 | G31: =SUM(G7:G30) -> 1000

Sheet كرين 2884
A1: صيانة الاليات
A2: 68 | B2: كرين اج بى | E2: الموديل | F2: 1991 | H2: الموقع: | K2: رجوع الى جدول الاليات
B3: رقمها : | C3: 2884 | E3: المالك | F3: شركة القبس | H3: مسؤول الالية :
B5: الشهر | C5: 2025/31/07
A6: # | B6: اسم السائق / المسؤول | C6: رقم الوصل | D6: تاريخ | E6: تفاصيل الصيانه | F6: المبلغ دينار | G6: المبلغ $ | H6: مسؤول الصيانه | I6: اضافة /هايدوليك لتر | J6: ملاحظات
A7: 1 | C7: 7348 | D7: 45619 | E7: زوج اطارات+زناجيل + راجز + يدة كير مع لعابات قليج + اجور عمل | F7: 1225000 | G7: 1250 | H7: علي غازي
A8: 2 | C8: 7430 | D8: 45631 | E8: فلتر كاز | F8: 6000 | H8: علي غازي
A9: 3 | C9: 7580 | D9: 45649 | E9: صيانة منظومة هواء+اجور عمل | F9: 135000 | H9: علي غازي
A10: 4 | C10: 7829 | D10: 45696 | E10: تصليح تاروسة هواء | F10: 90000 | H10: علي غازي
A11: 5 | C11: 7882 | D11: 45705 | E11: اطارات+قايش+مدكة كاز | F11: 2422000 | H11: علي غازي
A12: 6 | C12: 7992 | D12: 45722 | E12: اطارات+بم+فلتر+فيت بم+قوايش | F12: 2462000 | H12: علي غازي
A13: 7 | C13: 8062 | D13: 45739 | E13: فلاتر+مدكه+كايد+ولف+تخم واشر+نوزلات+صوندة فيول+دبل صندوق+صونده | F13: 1343500 | H13: علي غازي
A14: 8 | C14: 8716 | D14: 45777 | E14: عمل راديتر جديد+عمل كلج مروحه+عمل خزان وقود +طوافه | F14: 885000 | H14: ياسر طالب
A15: 9 | C15: 8152 | D15: 45760 | E15: اجور عمل فيتر | F15: 75000 | H15: علي غازي
A16: 10 | C16: 8713 | D16: 45777 | E16: فحص و تصليح جهاز الرفع+تصليح دشبول جهاز الرفع+مواد كهربائيه متنوعه+تجفيت كونترول منظومة الجكات | F16: 1500000 | H16: علي غازي
A17: 11 | C17: 8850 | D17: 45798 | E17: بطاريه | F17: 393000 | H17: علي غازي
A18: 12 | C18: 9434 | D18: 45874 | E18: جام بلاستك+تنظيف راديتر+تجفيت سوبر+واشر حار بارد+شوته | F18: 281000 | H18: علي غازي
A19: 13 | C19: 9539 | D19: 45890 | E19: بليت | F19: 450000 | H19: علي غازي
A20: 14 | C20: 9638 | D20: 45900 | E20: كايد ولف تخم واشر اجور تجفيت | F20: 850000 | H20: علي غازي
A21: 15 | C21: 101 | D21: 18/10/2025 | E21: اطارات | F21: 1190000 | H21: علي غازي
A22: 16 | C22: 303 | D22: 45977 | E22: نوزل+رايمر+بوش+جراخه+اويل بم+لاستيك ولف+فلسان+قوايش+سيت ولف+مواد تجفيت+كازكيت+جرخ كور+سيليكون | F22: 2030000 | H22: علي غازي
A23: 17 | C23: 615 | D23: 46018 | E23: صونده+هورن+جوزه | F23: 65000 | H23: علي غازي
A24: 18 | C24: 668 | D24: 46082 | E24: هورن+نشره | F24: 20000 | H24: علي غازي
A25: 19 | C25: 960 | D25: 46358 | E25: بكرات واير عدد 3 | F25: 200000 | H25: علي غازي
A26: 20 | C26: 1093 | D26: 46086 | E26: زنجيل فولاذ +حلقه مزدوجه كبيره +قفل فولاذ +هوك فولاذ | F26: 520000 | H26: علي غازي
A27: 21 | C27: 1158 | D27: 18/3/2026 | E27: اجور عمل كهربائي | F27: 300000 | H27: علي غازي
A28: 22
A29: 23
A30: 24
A31: 25
A32: 26
A33: 27
A34: 28
A35: 29
A36: 30
B37: المجموع الكلي | F37: =SUM(F7:F36) -> 16442500 | G37: =SUM(G7:G36) -> 1250

Sheet كرين 50313
A1: صيانة الاليات
A2: 69 | B2: كرين تادانو | E2: الموديل | F2: 1982 | H2: الموقع: | K2: رجوع الى جدول الاليات
B3: رقمها : | C3: 50313 ط بغداد | E3: المالك | F3: سمو بغداد | H3: مسؤول الالية :
B5: الشهر | C5: 2025/31/07
A6: # | B6: اسم السائق / المسؤول | C6: رقم الوصل | D6: تاريخ | E6: تفاصيل الصيانه | F6: المبلغ دينار | G6: المبلغ $ | H6: مسؤول الصيانه | I6: اضافة /هايدوليك لتر | J6: ملاحظات
B7: نوع الاليه | C7: رقمها | D7: الموديل | E7: المالك | F7: صلاحية السنوية | G7: اسم السائق | H7: تاريخ | J7: تفاصيل الصيانه | K7: المبلغ دينار
A8: 1 | C8: قيد42 | D8: 45263 | E8: تبديل تاروسة هواء | F8: 1150000
A9: 2 | C9: قيد42 | D9: 45263 | E9: صيانه | F9: 135000
A10: 3 | C10: 4742 | D10: 45203 | E10: سرفة كلج | F10: 125000
A11: 4 | C11: 4742 | D11: 45203 | E11: اطارات | G11: 630
A12: 5 | C12: 5122 | D12: 21/6/2023 | E12: صيانه | F12: 50000 | H12: علي غازي
A13: 6 | C13: 5122 | D13: 21/6/2023 | E13: تجفيت | F13: 260000 | H13: علي غازي
A14: 7 | C14: 5488 | D14: 16/9/2023 | E14: واير ستيل | F14: 675000 | H14: علي غازي
A15: 8 | C15: 7992 | D15: 45722 | E15: اطارات | F15: 755000 | H15: علي غازي
A16: 9 | C16: 8152 | D16: 45760 | E16: تفلون مساطر بلجيكي 20ملم | F16: 90000 | H16: علي غازي
A17: 10 | C17: 8713 | D17: 45777 | E17: تانكي ماء | F17: 150000 | H17: علي غازي
A18: 11 | C18: 9087 | D18: 45836 | E18: عمل شفت+جوب+سيت ولف | F18: 297000 | H18: علي غازي
A19: 12 | C19: 9434 | D19: 45874 | E19: بم ثلاثي | F19: 3150000 | H19: علي غازي
A20: 13 | C20: 9539 | D20: 45890 | E20: عمل واير سكليتر+اورنكات حراريه+هيدروليك 18 لتر | F20: 935000 | H20: علي غازي
A21: 14 | C21: 101 | D21: 18/10/2025 | E21: جامه اماميه+دهن محرك+جبنة ويل خلفي+دهن بريك+ اجور عمل | F21: 185000 | H21: علي غازي
A22: 15 | C22: 101 | D22: 18/10/2025 | E22: صونده بكره + صونده جك +صونده مزدوجه +تبديل جك + كرين + بوشه براص + تبديل بستم + تبديل بوش +رنكات +جبن متنوعه + تعديل سلندر+اجرة كرين 4 ايام +داف جلكان هيدروليك +صبغ + عمل +اجور عمل نقل السلايدات للرمل +تعديل كروم الجك +نقل كروم + الجل + ضرب رمل السلايدات | F22: 7300000 | H22: علي غازي
A23: 16 | C23: 303 | D23: 45977 | E23: تجفيت جك اجور عمل | F23: 700000 | H23: علي غازي
A24: 17 | C24: 343 | D24: 45983 | E24: حلقة زنجيل+هلالس احمر+قفل زنجيل+اطار+صيانة سلايد | F24: 6670000 | H24: علي غازي
A25: 18 | C25: 668 | D25: 46082 | E25: قاعدة درام واير | F25: 625000 | H25: علي غازي
A26: 19 | C26: 883 | D26: 29/1/2026 | E26: ستيل واير | F26: 540000 | H26: علي غازي
A27: 20 | C27: 1093 | D27: 46086 | E27: سرفة كلج+جوزه +اجور عمل | F27: 260000 | H27: علي غازي
A28: 21
A29: 22
A30: 23
A31: 24
A32: 25
A33: 26
A34: 27
A35: 28
A36: 29
A37: 30
A38: 31
A39: 32
... A42: 35
B43: المجموع الكلي | F43: =SUM(F7:F42) -> 24052000 | G43: =SUM(G7:G42) -> 630

Sheet قلاب 98959
A1: صيانة الاليات
A2: 70 | B2: قلاب سكس ويل مان/ راس تريله | E2: الموديل | F2: 2009 | H2: الموقع: | K2: رجوع الى جدول الاليات
B3: رقمها : | C3: 98959 ك بغداد | E3: المالك | F3: شركة القبس | H3: مسؤول الالية :
B5: الشهر | C5: 2025/31/07
A6: # | B6: اسم السائق / المسؤول | C6: رقم الوصل | D6: تاريخ | E6: تفاصيل الصيانه | F6: المبلغ دينار | G6: المبلغ $ | H6: مسؤول الصيانه | I6: اضافة /هايدوليك لتر | J6: ملاحظات
A7: 1 | C7: قيد84 | D7: 45022 | E7: صيانه | F7: 625000 | H7: علي غازي
A8: 2 | C8: 6263 | D8: 45325 | E8: سيت ولف | F8: 50000 | H8: علي غازي
A9: 3 | C9: 6488 | D9: 45601 | E9: اطارات | G9: 450 | H9: علي غازي
A10: 4 | C10: 7272 | D10: 45599 | E10: جوزات+فلتر هواء+اجور عمل | F10: 150000 | H10: علي غازي
A11: 5 | C11: 7348 | D11: 45619 | E11: زوج اطارات | F11: 625000 | H11: علي غازي
A12: 6 | C12: 7430 | D12: 45631 | E12: زوج ويل | F12: 180000 | H12: علي غازي
A13: 7 | C13: 303 | D13: 45977 | E13: شوته+تبديل دهن+بخاخ+اجور عمل+طاحونه | F13: 695000 | H13: علي غازي
A14: 8
A15: 9
A16: 10
A17: 11
A18: 12
A19: 13
A20: 14
A21: 15
A22: 16
A23: 17
A24: 18
A25: 19
... A30: 24
B31: المجموع الكلي | F31: =SUM(F7:F30) -> 2325000 | G31: =SUM(G7:G30) -> 450

Sheet قلاب 163283
A1: صيانة الاليات
A2: 71 | B2: قلاب سكانيا | E2: الموديل | F2: 2008 | H2: الموقع: | K2: رجوع الى جدول الاليات
B3: رقمها : | C3: 163283 سليمانية | E3: المالك | F3: خالد علي | H3: مسؤول الالية :
B5: الشهر | C5: 2025/31/07
A6: # | B6: اسم السائق / المسؤول | C6: رقم الوصل | D6: تاريخ | E6: تفاصيل الصيانه | F6: المبلغ دينار | G6: المبلغ $ | H6: مسؤول الصيانه | I6: اضافة /هايدوليك لتر | J6: ملاحظات
A7: 1 | B7: علي ابراهيم | D7: 44951 | E7: سي أويل + ماء راديتر | F7: 147500 | H7: هيلان ابراهيم
A8: 2 | B8: علي ابراهيم | D8: 44952 | E8: جامة لايت + كلوب , جبنة كير , بخاخ زنجار , دهن باور , واتر بم بومة , لاستيك واتر بمب , اجور عمل | F8: 642000 | H8: هيلان ابراهيم
A9: 3 | B9: علي ابراهيم | D9: 44952 | E9: عمل تورنة براغي كاردن , بانزين , براغي + سلكون , حاسبة , غسل سيارة | F9: 96000 | H9: هيلان ابراهيم
A10: 4 | B10: علي غازي | C10: 4560 | D10: 25/2/2023 | E10: تصليح كير+جوزة ثقيل و خفيف+شخاطة كير + فيشة مضخه | F10: 15000 | G10: 1700 | H10: علي غازي
A11: 5 | C11: قيد 69 | D11: 45082 | E11: تبديل دهن و فلاتر | F11: 200000 | H11: علي غازي
A12: 6 | C12: 5426 | D12: 29/8/2023 | E12: ولف حماوه+فحص حاسبه+برمجه+اجور عمل | F12: 250000 | H12: علي غازي
A13: 7 | C13: 5792 | D13: 20/11/2023 | E13: كت كلج | F13: 825000 | H13: علي غازي
A14: 8 | C14: 6049 | D14: 13/1/2024 | E14: نمرة كير1/3/5 +عينة كلج مع صينيه مع بولبرن اصلي +فلاوين+جبنة فنديشن محرك+تخم واشر كير+فلتر+سيؤويل كير90+دهن بريك+هيدروليك+ماء مقطر للراديتر+اجور عمل | F14: 1105000 | G14: 1500 | H14: علي غازي
A15: 9 | C15: 6049 | D15: 13/1/2024 | E15: عمل جاملغات+عمل باجات دبل شاصي+حدادة بدي قلاب | F15: 2175000 | H15: علي غازي
A16: 10 | C16: 6049 | D16: 13/1/2024 | E16: صدر +اجور عمل+كيس كيرمع كرين+صدر خلفي مع اجور عمل | F16: 3150000 | H16: علي غازي
A17: 11 | C17: 6145 | D17: 31/1/2024 | E17: صيانه | F17: 540000 | H17: علي غازي
A18: 12 | C18: 6145 | D18: 31/1/2024 | E18: صيانه | F18: 233000 | H18: علي غازي
A19: 13 | C19: 7992 | D19: 45722 | E19: بطاريه عدد 2 | F19: 315000 | H19: علي غازي
A20: 14 | C20: 8062 | D20: 45739 | E20: دهن+فلاتر | F20: 228000 | H20: علي غازي
A21: 15 | C21: 8981 | D21: 45813 | E21: زوج اطارات+قايش+سوبر محرك+اجور عمل+شوته+كبوس ويل+لاستيك سوبر+حاسبه | F21: 1475000 | H21: علي غازي
A22: 16 | C22: 9087 | D22: 45836 | E22: قمجي بنيد+تخم واشر تاروسه+مطبة قماره+اجور عمل+تنظيف راديتر+فلتر تبريد+بوري قماره+ماء راديتر اصلي+حاسبة فحص+اجور عمل+تبديل لايت امامي+تبديل هورن | F22: 775000 | H22: علي غازي
A23: 17 | C23: 9434 | D23: 45874 | E23: ربلة كاردن+صمونه | F23: 175000 | H23: علي غازي
A24: 18 | C24: 101 | D24: 18/10/2025 | E24: حساس عربانه + جوزه +اجور عمل | F24: 200000 | H24: علي غازي
A25: 19 | C25: 303 | D25: 45977 | E25: سرفة كير+دهن بريك | F25: 107000 | H25: علي غازي
A26: 20 | C26: 1093 | D26: 46086 | E26: دشلي قفل ستيرن | F26: 30000 | H26: علي غازي
A27: 21
A28: 22
A29: 23
A30: 24
A31: 25
B32: المجموع الكلي | F32: =SUM(F7:F31) -> 12683500 | G32: =SUM(G7:G31) -> 3200

Sheet قلاب 163529
A1: صيانة الاليات
A2: 72 | B2: قلاب سكانيا | E2: الموديل | F2: 2008 | H2: الموقع: | K2: رجوع الى جدول الاليات
B3: رقمها : | C3: 163529 سليمانية | E3: المالك | F3: خالد علي | H3: مسؤول الالية :
B5: الشهر | C5: 2025/31/07
A6: # | B6: اسم السائق / المسؤول | C6: رقم الوصل | D6: تاريخ | E6: تفاصيل الصيانه | F6: المبلغ دينار | G6: المبلغ $ | H6: مسؤول الصيانه | I6: اضافة /هايدوليك لتر | J6: ملاحظات
A7: 1 | C7: قيد 69 | D7: 45082 | E7: صيانه | F7: 545000 | H7: علي غازي
A8: 2 | C8: قيد 144 | D8: 20/11/2023 | E8: صيانه | F8: 36000
A9: 3 | C9: قيد 160 | D9: 45242 | E9: تصليح سرفه | F9: 220000
A10: 4 | C10: قيد 162 | D10: 26/12/2023 | E10: صيانه | F10: 260000
A11: 5 | C11: 6145 | D11: 31/1/2024 | E11: صيانة | F11: 900000 | H11: علي غازي
A12: 6 | C12: 6145 | D12: 31/1/2024 | E12: صيانه | F12: 1125000 | H12: علي غازي
A13: 7 | C13: قيد 8 | D13: 45293 | E13: صيانه | F13: 70000
A14: 8 | C14: 6263 | D14: 45325 | E14: صيانه | F14: 650000 | H14: علي غازي
A15: 9 | C15: 9087 | D15: 45836 | E15: زوج اطارات | F15: 1160000 | H15: علي غازي
A16: 10 | C16: 794 | D16: 17/1/2026 | E16: سيم كيلون+يدة باب | F16: 80000 | H16: علي غازي
A17: 11 | C17: 1093 | D17: 46086 | E17: بنزات+تبديل بنزات +تانكي كاز +لحيم تانكي كاز | F17: 230000 | H17: علي غازي
A18: 12
A19: 13
A20: 14
A21: 15
A22: 16
A23: 17
A24: 18
A25: 19
A26: 20
A27: 21
B28: المجموع الكلي | F28: =SUM(F7:F27) -> 5276000 | G28: =SUM(G7:G27) -> 0

Sheet قلاب 95072
A1: صيانة الاليات
A2: 73 | B2: قلاب مان سكس ويل / سبترا | E2: الموديل | F2: 2006 | H2: الموقع: | K2: رجوع الى جدول الاليات
B3: رقمها : | C3: 11 N 95072 | E3: المالك | F3: شركة القبس | H3: مسؤول الالية :
B5: الشهر | C5: 2025/31/07
A6: # | B6: اسم السائق / المسؤول | C6: رقم الوصل | D6: تاريخ | E6: تفاصيل الصيانه | F6: المبلغ دينار | G6: المبلغ $ | H6: مسؤول الصيانه | I6: اضافة /هايدوليك لتر | J6: ملاحظات
A7: 1 | C7: 4742 | D7: 45203 | E7: صيانه | G7: 123
A8: 2 | C8: قيد 144 | D8: 20/11/2023 | E8: شيال | F8: 135000
A9: 3 | C9: 6049 | D9: 13/1/2024 | E9: تصليح قفل باب بدي+عمل دعاميه خلفيه+غسل+جوين انتركولر+ماء مقطر2كارتون+تبديل طقم كاردن مع اجور فتح و شد | F9: 1160000 | H9: علي غازي
A10: 4 | C10: 6145 | D10: 31/1/2024 | E10: كهربائيات+كماليات+تبديل تخم كب+كنديسر +قاعدة كنديسر | F10: 2355000 | H10: علي غازي
A11: 5 | C11: 8062 | D11: 45739 | E11: سرفة كلج | F11: 60000 | H11: علي غازي
A12: 6 | C12: 8152 | D12: 45760 | E12: ماء راديتر | F12: 105000 | H12: علي غازي
A13: 7 | C13: 9539 | D13: 45890 | E13: زوج بطاريات | F13: 300000 | H13: علي غازي
A14: 8 | C14: 343 | D14: 45983 | E14: صيانه+جوين+خرطوم | F14: 407000 | H14: علي غازي
A15: 9 | C15: 960 | D15: 46358 | E15: انجكتر+نقل+اجور عمل | F15: 180000 | H15: علي غازي
A16: 10 | C16: 1281 | D16: 18/4/2026 | E16: حساس+فيشه+حاسه+دكمة جام+اجرة كهربائي | F16: 220000 | H16: علي غازي
A17: 11 | C17: 1394 | D17: 46300 | E17: بطاريه عدد2 | F17: 300000 | H17: علي غازي
A18: 12
A19: 13
A20: 14
A21: 15
A22: 16
A23: 17
A24: 18
A25: 19
A26: 20
A27: 21
A28: 22
A29: 23
... A37: 31
B38: المجموع الكلي | F38: =SUM(F7:F37) -> 5222000 | G38: =SUM(G7:G37) -> 123

Sheet قلاب 66478
A1: صيانة الاليات
A2: 74 | B2: قلاب مان سكس ويل | E2: الموديل | F2: 2006 | H2: الموقع: | K2: رجوع الى جدول الاليات
B3: رقمها : | C3: 11 K 66478 | E3: المالك | F3: شركة القبس | H3: مسؤول الالية :
B5: الشهر | C5: 2025/31/07
A6: # | B6: اسم السائق / المسؤول | C6: رقم الوصل | D6: تاريخ | E6: تفاصيل الصيانه | F6: المبلغ دينار | G6: المبلغ $ | H6: مسؤول الصيانه | I6: اضافة /هايدوليك لتر | J6: ملاحظات
A7: 1 | C7: قيد 42 | D7: 23/2/2023 | E7: تصليح | F7: 3020000
A8: 2 | C8: قيد 42 | D8: 23/2/2023 | E8: مواد | F8: 196000
A9: 3 | C9: 4880 | D9: 45082 | E9: اطارات | F9: 1900000 | H9: علي غازي
A10: 4 | C10: قيد 135 | D10: 45149 | E10: تصليح رباط + اكسل | F10: 430000
A11: 5 | C11: قيد 160 | D11: 45242 | E11: صيانه | F11: 235000
A12: 6 | C12: قيد 9 | D12: 45414 | E12: دهن + فلتر | F12: 280000
A13: 7 | C13: 6794 | D13: 24/7/2024 | E13: كمرك | F13: 31000 | H13: ابو مروان
A14: 8 | C14: 9539 | D14: 45890 | E14: زوج بطاريات | F14: 300000 | H14: علي غازي
A15: 9 | C15: 101 | D15: 18/10/2025 | E15: كبس صونده | F15: 15000 | H15: علي غازي
A16: 10 | C16: 668 | D16: 46082 | E16: تصليح كهربائيات+تبديل هورن+اجور عمل | F16: 312000 | H16: علي غازي
A17: 11 | C17: 960 | D17: 46358 | E17: تصليح مكينة جام | F17: 104000 | H17: علي غازي
A18: 12 | C18: 1158 | D18: 18/3/2026 | E18: موزع هواء+واشرات اي بي اس+قفل باب+بوشه+رباط+صونده+عمل تورنه+بنجر+اجور عمل | F18: 275000 | H18: علي غازي
A19: 13
A20: 14
A21: 15
A22: 16
A23: 17
A24: 18
A25: 19
A26: 20
A27: 21
A28: 22
A29: 23
A30: 24
... A53: 47
F54: =SUM(F7:F53) -> 7098000 | G54: =SUM(G7:G53) -> 0

Sheet قلاب 62041
A1: صيانة الاليات
A2: 75 | B2: قلاب مان سكس ويل | E2: الموديل | F2: 2006 | H2: الموقع: | K2: رجوع الى جدول الاليات
B3: رقمها : | C3: 11 W 62040 | E3: المالك | F3: شركة القبس | H3: مسؤول الالية :
B5: الشهر | C5: 2025/31/07
A6: # | B6: اسم السائق / المسؤول | C6: رقم الوصل | D6: تاريخ | E6: تفاصيل الصيانه | F6: المبلغ دينار | G6: المبلغ $ | H6: مسؤول الصيانه | I6: اضافة /هايدوليك لتر | J6: ملاحظات
A7: 1 | C7: قيد 42 | D7: 18/2/2023 | E7: صيانة | F7: 500000
A8: 2 | C8: قيد 42 | D8: 24/2/2024 | E8: بنجر | F8: 10000
A9: 3 | C9: قيد 43 | D9: 44929 | E9: صيانة | F9: 4206000
A10: 4 | C10: 4765 | D10: 45050 | E10: ادوات احتياطيه | F10: 530000
A11: 5 | C11: 4984 | D11: 27/5/2023 | E11: تبديل كاردن | F11: 700000 | H11: علي غازي
A12: 6 | C12: 4984 | D12: 27/5/2023 | E12: صيانة | F12: 950000 | G12: 800 | H12: علي غازي
A13: 7 | C13: قيد 138 | D13: 45271 | E13: اطارات | F13: 609000
A14: 8 | C14: 5792 | D14: 20/11/2023 | E14: صيانة | F14: 1070000 | G14: 400 | H14: علي غازي
A15: 9 | C15: 6049 | D15: 13/1/2024 | E15: نوزل انجكتر+انجكتر ولف+اجور فيتر+فتح مخدات عدد4+ابرة انجكترجديدعدد2+يدة باب+اجور عمل+براغي مخدات | F15: 1005000 | H15: علي غازي
A16: 10 | C16: 6633 | D16: 15/6/2024 | E16: اطارات | F16: 515000 | H16: علي غازي
A17: 11 | C17: 6705 | D17: 45475 | E17: غرامه | F17: 100000 | H17: ابومروان
A18: 12 | C18: 6727 | D18: 45479 | E18: غرامه+تجديد | F18: 555000 | H18: ابومروان
A19: 13 | C19: 7587 | D19: 45650 | E19: سيت ولف+اجور عمل+جوين+واشر دبل كير+بنزين+غسل+اجور عمل+شراء تانكي +طوافة كاز اصليه | F19: 1105000 | H19: علي غازي
A20: 14 | C20: 9203 | D20: 45848 | E20: صونده+خرزه+واشر+فلتر+ولف راجع+عقل+اجور عمل كهربائي+صب روس باتريات+برمجة عقل+حاسبه+سوبر جوين+تبريد+صوندات كبس+تصليح جك قماره | F20: 2135000 | H20: علي غازي
A21: 15 | C21: 9738 | D21: 45913 | E21: سرفة مان +دهن بريك+اجور عمل | F21: 90000 | H21: علي غازي
A22: 16 | C22: 303 | D22: 45977 | E22: كهربائيات | F22: 190000 | H22: علي غازي
A23: 17 | C23: 343 | D23: 45983 | E23: تجفيت انجكتر+تبديل ابر+تخم واشرات | F23: 640000 | H23: علي غازي
A24: 18
A25: 19
A26: 20
A27: 21
A28: 22
A29: 23
A30: 24
A31: 25
A32: 26
A33: 27
A34: 28
A35: 29
... A58: 52
B59: المجموع الكلي | F59: =SUM(F7:F58) -> 14910000 | G59: =SUM(G7:G58) -> 1200

Sheet قلاب 84878
A1: صيانة الاليات
A2: 76 | B2: قلاب مان سكس ويل/ نساف | E2: الموديل | F2: 2009 | H2: الموقع: | K2: رجوع الى جدول الاليات
B3: رقمها : | C3: 11 W 84878 | E3: المالك | F3: شركة القبس | H3: مسؤول الالية :
B5: الشهر | C5: 2025/31/07
A6: # | B6: اسم السائق / المسؤول | C6: رقم الوصل | D6: تاريخ | E6: تفاصيل الصيانه | F6: المبلغ دينار | G6: المبلغ $ | H6: مسؤول الصيانه | I6: اضافة /هايدوليك لتر | J6: ملاحظات
A7: 1 | B7: علي غازي | C7: 4266 | D7: 45047 | E7: إطارات | G7: 420 | H7: علي غازي
A8: 2 | B8: علي غازي | C8: 4266 | D8: 45047 | E8: ويلات | G8: 290 | H8: علي غازي
A9: 3 | B9: غزوان كريم | D9: 44940 | E9: شراء صوندة + كبس رأس صوندة جك رئيسي , اجور فيتر تبديل دبل قمارة | F9: 115000 | H9: غزوان كريم
A10: 4 | B10: غزوان كريم | D10: 44942 | E10: تدوير اطارات سيارة | F10: 15000 | H10: غزوان كريم
A11: 5 | B11: غزوان كريم | D11: 44943 | E11: شراء + تبديل جوبلس | F11: 35000 | H11: غزوان كريم
A12: 6 | B12: غزوان كريم | D12: 44943 | E12: تبديل اطارات جديدة + اصلاح اطار ركعة الماني | F12: 60000 | H12: غزوان كريم
A13: 7 | B13: غزوان كريم | D13: 45150 | E13: تبديل دهن + فلتر دهن + فلتر كاز | F13: 40000 | H13: هيلان ابراهيم
A14: 8 | B14: هيلان ابراهيم | D14: 45274 | E14: تصليح كهربائيات مان | F14: 50000 | H14: هيلان ابراهيم
A15: 9 | B15: علي غازي | C15: 4560 | D15: 25/2/2023 | E15: اطارات | G15: 810 | H15: علي غازي
A16: 10 | C16: 4765 | D16: 45050 | E16: صيانه | F16: 7160000
A17: 11 | C17: قيد 53 | D17: 13/4/2023 | E17: صبيانه | F17: 460000
A18: 12 | C18: 4984 | D18: 27/5/2023 | E18: اطارات | G18: 650 | H18: علي غازي
A19: 13 | C19: قيد 122 | D19: 23/9/2023 | E19: تصليح ابواب + جوبلس | F19: 169000
A20: 14 | C20: قيد 122 | D20: 23/9/2023 | E20: كصبه + فلاتر دهن وكاز | F20: 50000
A21: 15 | C21: 5792 | D21: 20/11/2023 | E21: جك قماره+جبنه+جامه امامي+تبديل دهن+نشره كلوب+واشر لاستيك+انجكتر+قاعدة صياد+اجرة فيتر+كهربائي | F21: 1422000 | H21: علي غازي
A22: 16 | C22: 6049 | D22: 13/11/2023 | E22: اطارات+ويل هنكاري | F22: 235000 | G22: 1600 | H22: علي غازي
C23: 6758 | D23: 14/7/2024 | E23: جاملغ+بك لايت | F23: 100000 | H23: علي غازي
C24: 6854 | D24: 45508 | E24: تجديد سنويه + غرامه مروريه | F24: 685000 | H24: ابو مروان
D25: 45580 | E25: صيانه+مطب سبرنك+فلتر+ادوات احتياطيه | F25: 1560000 | H25: علي غازي
C26: 7580 | D26: 45649 | E26: جوزة طاحونة مع فيشة+قفل باتري مع رزة قفل باتري+صجمة هواء+فلاتر كاز و دهن | F26: 151000 | H26: علي غازي
C27: 7587 | D27: 45650 | E27: تصليح كونترول+طاحونه+تبديل طخم صفحه+ | F27: 730000 | H27: علي غازي
C28: 7621 | D28: 45655 | E28: اطارات | G28: 800 | H28: علي غازي
C29: 7717 | D29: 45676 | E29: فلتر كاز+جك ولف راجع+فيشة شقاط+فحص سياره+اجور عمل | F29: 210000 | H29: علي غازي
C30: 7829 | D30: 45696 | E30: بولبرن روله+قفيص جوين ماء+قايش مكينه+قزان راديتر+اجور عمل+ماء راديتر+فيشة كلج بنكه+كهربائي+مزيل دهون | F30: 315000 | H30: علي غازي
C31: 7992 | D31: 45722 | E31: اطارات | F31: 1265000 | H31: علي غازي
C32: 8152 | D32: 45760 | E32: قايش 1920 امريكي | F32: 25000 | H32: علي غازي
C33: 8713 | D33: 45777 | E33: فلتر شوته+واشر كنديسر+جاملغ و ملحقاته+فحل خلفي+براغي+تجفيت جك قماره+جاملغ تك تاير+بك لايت مع اضويه+اجور عمل | F33: 620000 | H33: علي غازي
C34: 8806 | D34: 45791 | E34: مواد تجفيت +كور+اجور عمل+جراخة كوجن بيم+تشييش راديتر+انتركولر+دبلات قماره+جاملغ+اجور عمل+تجفيت انجكترات+فحص طاحونه | F34: 5019000 | H34: علي غازي
C35: 9087 | D35: 45836 | E35: زوج اطارات | F35: 900000 | H35: علي غازي
C36: 9539 | D36: 45890 | E36: كعكات+واشر ناظور | F36: 50000 | H36: علي غازي
C37: 303 | D37: 45977 | E37: صجمه+رباط سباعي | F37: 227000 | H37: علي غازي
C38: 343 | D38: 45983 | E38: زوج اطارات | F38: 745000 | H38: علي غازي
C39: 559 | D39: 46011 | E39: كتف داينمو+مواد صدر+شوته+ماسحات+دهن+اجور عمل | F39: 890000 | H39: علي غازي
C40: 615 | D40: 46018 | E40: داينمو+قاعدة كنديسر+فحص جهاز+تصليح كهربائيات+اطارات | F40: 275000 | G40: 1250 | H40: علي غازي
C41: 960 | D41: 46358 | E41: جامرلغ+بك لايت+كلوبات+اجور عمل | F41: 185000 | H41: علي غازي
C42: 1281 | D42: 18/4/2026 | E42: بوشة جبنه+سليكون+تشييش راديتر+بخاخ+ماء راديتر+اجور عمل | F42: 253000 | H42: علي غازي
B66: المجموع الكلي | F66: =SUM(F7:F65) -> 24016000 | G66: =SUM(G7:G65) -> 5820

Sheet قلاب 90733
A1: صيانة الاليات
A2: 77 | B2: قلاب مان سكس ويل / نساف | E2: الموديل | F2: 2009 | H2: الموقع: | K2: رجوع الى جدول الاليات
B3: رقمها : | C3: 11 K 90723 | E3: المالك | F3: شركة القبس | H3: مسؤول الالية :
B5: الشهر | C5: 2025/31/07
A6: # | B6: اسم السائق / المسؤول | C6: رقم الوصل | D6: تاريخ | E6: تفاصيل الصيانه | F6: المبلغ دينار | G6: المبلغ $ | H6: مسؤول الصيانه | I6: اضافة /هايدوليك لتر | J6: ملاحظات
A7: 1 | B7: علي غازي | C7: 4266 | D7: 45047 | E7: زيوت + إطارات | G7: 820 | H7: علي غازي
A8: 2 | B8: عبد السلام حمزة | D8: 44936 | E8: اجور حداد فتح + شد سبعة سيارة , عمل تورنة توسعة فتحات براغي سبعة , شراء براغي , حاسبة | F8: 170000 | H8: عبدالسلام حمزة
A9: 3 | C9: قيد 42 | D9: 26/2/2023 | E9: صيانه | F9: 184000
A10: 4 | C10: 4880 | D10: 45082 | E10: اطارات | F10: 840000 | H10: علي غازي
A11: 5 | C11: قيد 102 | D11: 23/7/2023 | E11: صيانه | F11: 70000
A12: 6 | C12: قيد 122 | D12: 23/9/2023 | E12: صيانه | F12: 150000
A13: 7 | C13: قيد 128 | D13: 45270 | E13: فلاتر و تشحيم | F13: 70000
A14: 8 | C14: قيد 158 | D14: 45028 | E14: رباط + لاستيك رباط | F14: 110000
A15: 9 | C15: 6748 | D15: 45483 | E15: فحص كمرك | F15: 450000 | H15: ابو مروان
A16: 10 | C16: 7348 | D16: 45619 | E16: زوج اطارات | F16: 410000 | H16: علي غازي
A17: 11 | C17: 7580 | D17: 45649 | E17: واشرات انجكتر+قبغ دهن فلتر مان+ابرة انجكتر+نوزلات+دهن+مدكة كاز+ماسحات | F17: 1495000 | H17: علي غازي
A18: 12 | C18: 7587 | D18: 45650 | E18: فحص حاسبه+فتح انجكتر+فحص طاحونه+فحص ولفات راجع | F18: 175000 | H18: علي غازي
A19: 13 | C19: 7621 | D19: 45655 | E19: اطارات | G19: 800 | H19: علي غازي
A20: 14 | C20: 7717 | D20: 45676 | E20: راديتر+اجور عمل | F20: 790000 | H20: علي غازي
A21: 15 | C21: 7829 | D21: 45696 | E21: بطاريه 150 امبير | F21: 315000 | H21: علي غازي
A22: 16 | C22: 8152 | D22: 45760 | E22: قايش+روله+زوج اطارات+تخم تاير+روله و قايش+قبغ باتري+فلتر شوته | F22: 3020000 | H22: علي غازي
A23: 17 | C23: 8152 | D23: 45760 | E23: اجور عمل فيتر | F23: 150000 | H23: علي غازي
A24: 18 | C24: 8806 | D24: 45791 | E24: فلاتر كاز عدد2+واشر قبغ ولفات | F24: 55000 | H24: علي غازي
A25: 19 | C25: 8850 | D25: 45798 | E25: براغي قبغ ولفات+ماشة قمجي+قبغ ولفات+واشر قبغ ولفات | F25: 250000 | H25: علي غازي
A26: 20 | C26: 9087 | D26: 45836 | E26: اطارات عدد 3 | F26: 1520000 | H26: علي غازي
A27: 21 | C27: 9539 | D27: 45890 | E27: اطار | F27: 590000 | H27: علي غازي
A28: 22 | C28: 9920 | D28: 45931 | E28: جوزه+حاسبه+فبشه+كتف+اجور عمل+يدة عصا كير | F28: 295000 | H28: علي غازي
A29: 23 | C29: 303 | D29: 45977 | E29: جوبلس+قاعده+فلتر هواء+بخاخ+واشرات+تبديل جوبلس+كهربائيات+اجور عمل | F29: 451000 | H29: علي غازي
A30: 24 | C30: 615 | D30: 46018 | E30: اطارات | F30: 20000 | G30: 1300 | H30: علي غازي
A31: 25 | C31: 668 | D31: 46082 | E31: روله+جبنه+قايش | F31: 225000 | H31: علي غازي
A32: 26 | C32: 960 | D32: 46358 | E32: لزكه شمسيه+فايبر كلاس+جامه اماميه+جك+حداده+زوج بك لايت+براغي+هيدروليك+اجور عمل | F32: 565000 | G32: 200 | H32: علي غازي
A33: 27 | C33: 1093 | D33: 46086 | E33: زوج اطارات | F33: 810000 | H33: علي غازي
A34: 28 | C34: 1394 | D34: 46300 | E34: بليت 10-12 ملم + اجور عمل حداد | F34: 1090000 | H34: علي غازي
A35: 29
A36: 30
A37: 31
A38: 32
A39: 33
A40: 34
A41: 35
A42: 36
A43: 37
A44: 38
A45: 39
A46: 40
... A70: 64
B71: المجموع الكلي | F71: =SUM(F7:F70) -> 14270000 | G71: =SUM(G7:G70) -> 3120

Sheet تريلة25791
A1: صيانة الاليات
A2: 78 | B2: تريله اكتروز | E2: الموديل | F2: 2013 | H2: الموقع: | K2: رجوع الى جدول الاليات
B3: رقمها : | C3: 22 E 25791 | E3: المالك | F3: عدنان علي | H3: مسؤول الالية :
B5: الشهر | C5: 2025/31/07
A6: # | B6: اسم السائق / المسؤول | C6: رقم الوصل | D6: تاريخ | E6: تفاصيل الصيانه | F6: المبلغ دينار | G6: المبلغ $ | H6: مسؤول الصيانه | I6: اضافة /هايدوليك لتر | J6: ملاحظات
A7: 1 | B7: علي غازي | C7: 4266 | D7: 45047 | E7: صيانه | F7: 250000 | G7: 500 | H7: علي غازي
A8: 2 | C8: 6049 | D8: 13/1/2024 | E8: صيانه | F8: 683000 | H8: علي غازي
A9: 3 | C9: 6145 | D9: 31/1/2024 | E9: صيانه | F9: 550000 | H9: علي غازي
A10: 4 | C10: 6263 | D10: 45325 | E10: غسل + بنجر+ ماسحات | F10: 80000 | H10: علي غازي
A11: 5 | C11: 7580 | D11: 45649 | E11: فلاتر دهن و كاز+دهن+قطره | F11: 290000 | H11: علي غازي
A12: 6 | C12: 7658 | D12: 45662 | E12: تلكراف+فتح سبرنكات+سبرنك عربانه+اكراميه | F12: 745000 | H12: علي غازي
A13: 7 | C13: 7992 | D13: 45722 | E13: اطارات | F13: 1050000 | H13: علي غازي
A14: 8 | C14: 8806 | D14: 45791 | E14: قبغ جاملغ+جاملغ امامي يسار و يمين+جاملغ خلفي+لاستيك جاملغ | F14: 110000 | H14: علي غازي
A15: 9 | C15: 9087 | D15: 45836 | E15: جوبلس+شفاطه كشن+اجور عمل+تبديل منظومة تبريد | F15: 635000 | H15: علي غازي
A16: 10 | C16: 9920 | D16: 45931 | E16: دهن | F16: 255000 | H16: علي غازي
A17: 11 | C17: 794 | D17: 17/1/2026 | E17: زوج اطارات | F17: 1000000 | H17: علي غازي
A18: 12 | C18: 1093 | D18: 46086 | E18: جوب قماره عدد 2 | F18: 240000 | H18: علي غازي
A19: 13
A20: 14
A21: 15
A22: 16
A23: 17
A24: 18
A25: 19
A26: 20
A27: 21
A28: 22
A29: 23
A30: 24
A31: 25
B32: المجموع الكلي | F32: =SUM(F7:F31) -> 5888000 | G32: =SUM(G7:G31) -> 500

Sheet تريلة 153869
A1: صيانة الاليات
A2: 79 | B2: تريله سكانيا- لون ابيض | E2: الموديل | F2: 2011 | H2: الموقع: | K2: رجوع الى جدول الاليات
B3: رقمها : | C3: 153869 سليمانية | E3: المالك | F3: خالد علي | H3: مسؤول الالية :
B5: الشهر | C5: 2025/31/07
A6: # | B6: اسم السائق / المسؤول | C6: رقم الوصل | D6: تاريخ | E6: تفاصيل الصيانه | F6: المبلغ دينار | G6: المبلغ $ | H6: مسؤول الصيانه | I6: اضافة /هايدوليك لتر | J6: ملاحظات
A7: 1 | C7: قيد42 | D7: 45263 | E7: صيانه | F7: 1385000
A8: 2 | C8: 4880 | D8: 45082 | E8: اطارات | F8: 660000
A9: 3 | C9: 4880 | D9: 45082 | E9: صيانه | F9: 110000 | H9: علي غازي
A10: 4 | C10: 4880 | D10: 45082 | E10: شخاطة كير | F10: 290000 | H10: علي غازي
A11: 5 | C11: 4880 | D11: 45082 | E11: صيانه | F11: 910000 | H11: علي غازي
A12: 6 | C12: 6488 | D12: 45601 | E12: صدر + صبغ عربانه | F12: 1465000 | H12: علي غازي
A13: 7 | C13: 7272 | D13: 45599 | E13: اطارات | F13: 1875000 | H13: علي غازي
A14: 8 | C14: 7430 | D14: 45631 | E14: دهن 20 لتر | F14: 235000 | H14: علي غازي
A15: 9 | C15: 7580 | D15: 45649 | E15: كونترول+كشن+غسل+غلاف ستيرن+ماسخات+مرايه+تشحيم+تبديل دهن و فلتر | F15: 570000 | G15: 500 | H15: علي غازي
A16: 10 | C16: 7587 | D16: 45650 | E16: تبديل روط +عمل+ضبط ميزانيه+اكرامية عمال+جهاز سنترلوك+هورن+جاملغ+لاستيك جاملغ | F16: 395000 | H16: علي غازي
A17: 11 | C17: 8062 | D17: 45739 | E17: دهن + فلاتر | F17: 250000 | H17: علي غازي
A18: 12 | C18: 8152 | D18: 45760 | E18: زوج اطارات | F18: 745000 | H18: علي غازي
A19: 13 | C19: 8713 | D19: 45777 | E19: شوته | F19: 40000 | H19: علي غازي
A20: 14 | C20: 9087 | D20: 45836 | E20: اطارات عدد 2 | F20: 1305000 | H20: علي غازي
A21: 15 | C21: 9434 | D21: 45874 | E21: زوج اطارات | F21: 640000 | H21: علي غازي
A22: 16 | C22: 9920 | D22: 45931 | E22: تخم واشر+فلتر+اجور عمل+تبديل قايش+كمبريسر+غاز | F22: 745000 | H22: علي غازي
A23: 17 | C23: 101 | D23: 18/10/2025 | E23: زوج بطاريه | F23: 310000 | H23: علي غازي
A24: 18 | C24: 615 | D24: 46018 | E24: زوج اطارات | F24: 740000 | H24: علي غازي
A25: 19 | C25: 794 | D25: 17/1/2026 | E25: جوين+كهربائيات | F25: 310000 | H25: علي غازي
A26: 20 | C26: 960 | D26: 46358 | E26: يدة باب+قايش+روله+ربلات+بلاجكتور+فحص حاسبه+اجور عمل+جامه اماميه | F26: 560000 | H26: علي غازي
A27: 21 | C27: 1281 | D27: 18/4/2026 | E27: ولف حماوه+ماء راديتر+ماء مقطر+عصفوره جوبلس+هيدروليك+عمل | F27: 375000 | H27: علي غازي
A28: 22
A29: 23
A30: 24
A31: 25
A32: 26
A33: 27
A34: 28
A35: 29
B36: المجموع الكلي | F36: =SUM(F7:F35) -> 13915000 | G36: =SUM(G7:G35) -> 500

Sheet تريلة 17040
A1: صيانة الاليات
A2: 79 | B2: تريله لودر سكانيا- سكس ويل | E2: الموديل | F2: 2006 | H2: الموقع: | K2: رجوع الى جدول الاليات
B3: رقمها : | C3: 22 J 17040 | E3: المالك | F3: عدنان علي | H3: مسؤول الالية :
B5: الشهر | C5: 2025/31/07
A6: # | B6: اسم السائق / المسؤول | C6: رقم الوصل | D6: تاريخ | E6: تفاصيل الصيانه | F6: المبلغ دينار | G6: المبلغ $ | H6: مسؤول الصيانه | I6: اضافة /هايدوليك لتر | J6: ملاحظات
A7: 18 | C7: 5122 | D7: 21/6/2023 | E7: مراة جانبيه | F7: 420000 | H7: علي غازي
A8: 19 | C8: 5122 | D8: 21/6/2023 | E8: تحويل سياره | F8: 1958000 | H8: علي غازي
A9: 20 | C9: 5166 | D9: 44992 | E9: صيانة | F9: 970000 | H9: علي غازي
A10: 21 | C10: 5166 | D10: 44992 | E10: صيانة | F10: 250000 | H10: علي غازي
A11: 22 | C11: 5166 | D11: 44992 | E11: صيانة | F11: 250000 | H11: علي غازي
A12: 23 | C12: 5166 | D12: 44992 | E12: صيانة | F12: 140000 | H12: علي غازي
A13: 24 | C13: 5166 | D13: 44992 | E13: صيانة | F13: 38000 | H13: علي غازي
A14: 26 | C14: 5596 | D14: 45117 | E14: صيانة | F14: 3235000 | H14: علي غازي
A15: 27 | C15: 6145 | D15: 31/1/2024 | E15: صيانة | F15: 1415000 | H15: علي غازي
A16: 28 | C16: قيد 8 | D16: 45293 | E16: تبديل دهن+فحص كير+تشحيم اكسل+تصليح سيت ولف | F16: 475000 | H16: مروان محمد امين
A17: 29 | C17: 6381 | D17: 13/4/2024 | E17: كيبل+شخاطه+بلوجكترات+عمل | F17: 320000 | H17: علي غازي
A18: 17 | C18: 6488 | D18: 45601 | E18: كيبل+من سويج+صوندة هواء | F18: 125000 | H18: علي غازي
A19: 31 | C19: 6861 | D19: 45451 | E19: اصلاح اطارات | F19: 60000 | H19: علي غازي
A20: 32 | C20: 7071 | D20: 45560 | E20: دهن + فلتر | F20: 250000 | H20: علي غازي
A21: 33 | C21: 7272 | D21: 45599 | E21: اطارات | F21: 2500000 | H21: علي غازي
A22: 34 | C22: 7348 | D22: 45619 | E22: جوزة بك+قفيص رباط+اجور عمل | F22: 110000 | H22: علي غازي
A23: 35 | C23: 7587 | D23: 45650 | E23: زوج ويل+زوج اطارات+جوبلس عربانه+اجور عمل | F23: 525000 | G23: 560 | H23: علي غازي
A24: 36 | C24: 7717 | D24: 45676 | E24: اطارات | F24: 675000 | H24: علي غازي
A25: 37 | C25: 9539 | D25: 45890 | E25: زوج بطاريات | F25: 300000 | H25: علي غازي
A26: 38 | C26: 9638 | D26: 45900 | E26: اطارات عدد 8 | F26: 1950000 | H26: علي غازي
A27: 39 | C27: 9738 | D27: 45913 | E27: فان تبريد | F27: 195000 | H27: علي غازي
A28: 40 | C28: 101 | D28: 18/10/2025 | E28: بطل لودر +جوزة كهرباء | F28: 135000 | H28: علي غازي
A29: 41 | C29: 519 | D29: 46004 | E29: قبغ باتري+بطانة باب+جاملغ و هلال و شبجة شباك | F29: 360000 | H29: علي غازي
A30: 42 | C30: 559 | D30: 46011 | E30: صبغ | F30: 1500000 | H30: علي غازي
A31: 43 | C31: 615 | D31: 46018 | E31: يدة بنيد+جاملغ خلفي+اشاره+جاملغ امامي+تانكي ماء+تصليح جك و مدكة قماره+تبديل قفل وصوندة قماره +دوشمه تفصيخ+سمكره+كصة قماره+حداد+عمل صندوق عربانهبوش رواط+اجور عمل+براغي+تورنه+روط ستيرن+راس روط+اجور عمل | F31: 2785000 | H31: علي غازي
A32: 44 | C32: 668 | D32: 46082 | E32: عنبار+كلج+دهن بريك+صدر+اجور عمل+رولات+سيت ولف قماره+دبل+قفل قماره+صوندات+حساس+اجور عمل صباغ | F32: 4375000 | H32: علي غازي
A33: 45 | C33: 794 | D33: 17/1/2026 | E33: كهربائيات+كماليات+كفر صالنصه+كب امامي و خلفي+ستدات+قفايص+بوش+اجور عمل+جراخه | F33: 1337000 | H33: علي غازي
A34: 46 | C34: 1158 | D34: 18/3/2026 | E34: تصليح مكينة رفع جام +فافونة راديتر+زبانة هواء+لبة كاز+لبة دهن+دهن+تشييش راديتر | F34: 478000 | H34: علي غازي
A35: 47
A36: 48
A37: 49
A38: 50
A39: 51
A40: 52
A41: 53
A42: 54
A43: 55
A44: 56
A45: 57
A46: 58
... A48: 60
B49: المجموع الكلي | F49: =SUM(F7:F48) -> 27131000 | G49: =SUM(G7:G48) -> 560

Sheet تريلة 16495
A1: صيانة الاليات
A2: 81 | B2: تريله اكتروز | E2: الموديل | F2: 2014 | H2: الموقع: | K2: رجوع الى جدول الاليات
B3: رقمها : | C3: 22 L 16495 | E3: المالك | F3: عدنان علي | H3: مسؤول الالية :
B5: الشهر | C5: 2025/31/07
A6: # | B6: اسم السائق / المسؤول | C6: رقم الوصل | D6: تاريخ | E6: تفاصيل الصيانه | F6: المبلغ دينار | G6: المبلغ $ | H6: مسؤول الصيانه | I6: اضافة /هايدوليك لتر | J6: ملاحظات
A7: 1 | C7: 5365 | D7: 45268 | E7: تحويل ملكيه | F7: 1522000 | G7: 200 | H7: علي غازي
A8: 2 | C8: 6317 | D8: 23/3/2024 | E8: صيانه | F8: 290000 | H8: علي غازي
A9: 3 | C9: 8062 | D9: 45739 | E9: دهن+فلاتر | F9: 258000 | H9: علي غازي
A10: 4 | C10: 559 | D10: 46011 | E10: دهن+فلاتر | F10: 255000 | H10: علي غازي
A11: 5 | C11: 1093 | D11: 46086 | E11: كهربائيات +مصابيح | F11: 85000 | H11: علي غازي
A12: 6 | C12: 1158 | D12: 18/3/2026 | E12: قاطع دوره+فحص كومبيوتر+قبغ و لاستيك جاملغ | F12: 128000 | H12: علي غازي
A13: 7 | C13: 1281 | D13: 18/4/2026 | E13: برينه | F13: 155000 | H13: علي غازي
A14: 8 | C14: 1281 | D14: 18/4/2026 | E14: عقل كير جديد | F14: 1660000 | H14: علي غازي
A15: 9
A16: 10
A17: 11
A18: 12
A19: 13
A20: 14
A21: 15
A22: 16
A23: 17
A24: 18
A25: 19
A26: 20
... A34: 28
B35: المجموع الكلي | F35: =SUM(F7:F34) -> 4353000 | G35: =SUM(G7:G34) -> 200

Sheet 22 L129192
A1: صيانة الاليات
A2: 81 | B2: تريله اكتروز | E2: الموديل | F2: 2014 | H2: الموقع: | K2: رجوع الى جدول الاليات
B3: رقمها : | C3: 22 L 29192 | E3: المالك | F3: عدنان علي | H3: مسؤول الالية :
B5: الشهر
A6: # | B6: اسم السائق / المسؤول | C6: رقم الوصل | D6: تاريخ | E6: تفاصيل الصيانه | F6: المبلغ دينار | G6: المبلغ $ | H6: مسؤول الصيانه | I6: اضافة /هايدوليك لتر | J6: ملاحظات
A7: 1 | C7: 519 | D7: 46004 | E7: ربط هيدروليك جهاز كرين+كبس صوندات+زبانه+قفل+طبشة تعشيق+مضخة هيدروليك+برمجة حاسبه+اطار مع ويل سبير+ربلات جك+برميل هيدروليك+عمل كهربائيات+خزان ماء+قاعدة سبير+براغي جرار+فلاتر2 طخم+مواد كهربائيه +كماليات+اجور عمل مع اكرامية عمال | F7: 2720000 | G7: 3960 | H7: علي غازي
A8: 2 | C8: 559 | D8: 46011 | E8: صبغ بودي | G8: 1000 | H8: علي غازي
A9: 3 | C9: 668 | D9: 46082 | E9: زنجيل+سفيفه | F9: 640000 | H9: علي غازي
A10: 4 | C10: 1428 | D10: 18/5/2026 | E10: جوبلس حديث | F10: 260000 | H10: علي غازي
A11: 5
A12: 6
A13: 7
A14: 8
A15: 9
A16: 10
A17: 11
A18: 12
A19: 13
A20: 14
A21: 15
A22: 16
... A34: 28
B35: المجموع الكلي | F35: =SUM(F7:F34) -> 3620000 | G35: =SUM(G7:G34) -> 4960

Sheet تريلة17586
A1: صيانة الاليات
A2: 82 | B2: تريله الكتروز | E2: الموديل | F2: 2014 | H2: الموقع: | K2: رجوع الى جدول الاليات
B3: رقمها : | C3: 22 L 17586 | E3: المالك | F3: عدنان علي | H3: مسؤول الالية :
B5: الشهر | C5: 2025/31/07
A6: # | B6: اسم السائق / المسؤول | C6: رقم الوصل | D6: تاريخ | E6: تفاصيل الصيانه | F6: المبلغ دينار | G6: المبلغ $ | H6: مسؤول الصيانه | I6: اضافة /هايدوليك لتر | J6: ملاحظات
A7: 1 | C7: 4984 | D7: 27/5/2023 | E7: كهربائيات+سبايدر+سمكره+دوشمة كشنات+جامه امامي+راديتر وصونده وماء+اجور عمل الصباغ+حراسه+قطع غيار متفرقه | F7: 7370000 | H7: علي غازي
A8: 2 | C8: 7272 | D8: 45599 | E8: تخم فلاتر | F8: 30000 | H8: علي غازي
A9: 3 | C9: 7272 | D9: 45599 | E9: جلكان دهن موريس | F9: 276000 | H9: علي غازي
A10: 4 | C10: 7430 | D10: 45631 | E10: زوج اطارات | F10: 945000 | H10: علي غازي
A11: 5 | C11: 7580 | D11: 45649 | E11: فلاتر دهن+كاز+دهن | F11: 2325000 | H11: علي غازي
A12: 6 | C12: 8981 | D12: 45813 | E12: زوج اطارات+ادبلو بيئه سيكا 18 لتر | F12: 972000 | H12: علي غازي
A13: 7 | C13: 303 | D13: 45977 | E13: جوبلس+دبل+واشر+اجور عمل | F13: 150000 | H13: علي غازي
A14: 8 | C14: 343 | D14: 45983 | E14: جاملغ+لاستيك جاملغ+دهن+فلاتر+مبخره+روله+قايش+فلتر+جوين+حاسبه+ماء راديتر+اجور عمل | F14: 710000 | H14: علي غازي
A15: 9 | C15: 615 | D15: 46018 | E15: قبق ادبلو | F15: 10000 | H15: علي غازي
A16: 10 | C16: 668 | D16: 46082 | E16: فلاتر+دهن+اجور عمل نوزل+تبديل نوزل اكتروز+واشرات | F16: 565000 | H16: علي غازي
A17: 11 | C17: 794 | D17: 17/1/2026 | E17: زوج اطارات+ زوج بطاريات | F17: 1470000 | H17: علي غازي
A18: 12 | C18: 883 | D18: 29/1/2026 | E18: دهن+فلاتر+اجور فتح انجكترات+نوزلات+مواد متفرقه+اجور عمل+فحص +جراخه+تبديل كور+تبديل ولفات+شوتة هواء+انجكتر اكتروس+ | F18: 1564000 | H18: علي غازي
A19: 13 | C19: 960 | D19: 46358 | E19: جراخة بوش كوجمبيم+دهن+فحص حاسبه+تصليح مسطره+فتح نوزل المسطره+تخم واشرات+بلكات+واشرات+شرايط+اويل بم+صجمه+شوتة اسطواني+اجور عمل | F19: 4470000 | H19: علي غازي
A20: 14 | C20: 1093 | D20: 46086 | E20: حساس قماره + اجور عمل +تبديل قيمرات+شراء سبايدر + نشره | F20: 400000 | H20: علي غازي
A21: 15
A22: 16
A23: 17
A24: 18
A25: 19
B26: المجموع الكلي | F26: =SUM(F7:F25) -> 21257000 | G26: =SUM(G7:G25) -> 0

Sheet رافعة41772
A1: صيانة الاليات
A2: 83 | B2: رافعه JCB 536 | E2: الموديل | F2: 2007 | H2: الموقع: | K2: رجوع الى جدول الاليات
B3: رقمها : | C3: 41772 - كاتي سليمانية | E3: المالك | F3: - | H3: مسؤول الالية :
B5: الشهر | C5: 2025/31/07
A6: # | B6: اسم السائق / المسؤول | C6: رقم الوصل | D6: تاريخ | E6: تفاصيل الصيانه | F6: المبلغ دينار | G6: المبلغ $ | H6: مسؤول الصيانه | I6: اضافة /هايدوليك لتر | J6: ملاحظات
A7: 1
A8: 2
A9: 3
A10: 4
A11: 5
A12: 6
A13: 7
A14: 8
A15: 9
A16: 10
A17: 11
A18: 12
... A35: 29
B36: المجموع الكلي | F36: =SUM(F7:F35) -> 0 | G36: =SUM(G7:G35) -> 0

Sheet رافعة 37750
A1: صيانة الاليات
A2: 84 | B2: رافعة شوكية صيني | E2: الموديل | F2: 2019 | H2: الموقع: | K2: رجوع الى جدول الاليات
B3: رقمها : | C3: 37750 كاتي سليمانية | E3: المالك | F3: - | H3: مسؤول الالية :
B5: الشهر | C5: 2025/31/07
A6: # | B6: اسم السائق / المسؤول | C6: رقم الوصل | D6: تاريخ | E6: تفاصيل الصيانه | F6: المبلغ دينار | G6: المبلغ $ | H6: مسؤول الصيانه | I6: اضافة /هايدوليك لتر | J6: ملاحظات
A7: 1 | B7: محمد عبدالله | D7: 44954 | E7: شراء + تحوير سلف , تصليح سلف قديم | F7: 200000 | H7: هيلان ابراهيم
A8: 2 | B8: هيلان ابراهيم | D8: 45241 | E8: تصليح سلف | F8: 35000 | H8: هيلان ابراهيم
A9: 3 | C9: 5488 | D9: 16/9/2023 | E9: صيانه | F9: 70000 | H9: علي غازي
A10: 4 | C10: 5922 | D10: 20/12/2023 | E10: صيانه | F10: 1025000 | H10: علي غازي
A11: 5 | D11: 45580 | E11: مروحه+قايش عدد2 | F11: 95000 | H11: علي غازي
A12: 6
A13: 7
A14: 8
A15: 9
A16: 10
A17: 11
A18: 12
A19: 13
A20: 14
A21: 15
A22: 16
A23: 17
A24: 18
B25: المجموع الكلي | F25: =SUM(F7:F24) -> 1425000 | G25: =SUM(G7:G24) -> 0

Sheet رافعة41771
A1: صيانة الاليات
A2: 85 | B2: رافعه JCB 535 | E2: الموديل | F2: 2012 | H2: الموقع: | K2: رجوع الى جدول الاليات
B3: رقمها : | C3: 41771 - كاتي سليمانية | E3: المالك | F3: - | H3: مسؤول الالية :
B5: الشهر | C5: 2025/31/07
A6: # | B6: اسم السائق / المسؤول | C6: رقم الوصل | D6: تاريخ | E6: تفاصيل الصيانه | F6: المبلغ دينار | G6: المبلغ $ | H6: مسؤول الصيانه | I6: اضافة /هايدوليك لتر | J6: ملاحظات
A7: 1 | D7: 45580 | E7: اجور عمل كهربائي | F7: 125000 | H7: علي غازي
A8: 2
A9: 3
A10: 4
A11: 5
A12: 6
A13: 7
A14: 8
A15: 9
A16: 10
A17: 11
A18: 12
A19: 13
... A36: 30
B37: المجموع الكلي | F37: =SUM(F7:F36) -> 125000 | G37: =SUM(G7:G36) -> 0

Sheet رافعة جنية بدون رقم 
A1: صيانة الاليات
A2: 86 | B2: رافعه جنيه | E2: الموديل | F2: 2019 | H2: الموقع: | K2: رجوع الى جدول الاليات
B3: رقمها : | C3: بدون رقم | E3: المالك | F3: شركة القبس | H3: مسؤول الالية :
B5: الشهر | C5: 2025/31/07
A6: # | B6: اسم السائق / المسؤول | C6: رقم الوصل | D6: تاريخ | E6: تفاصيل الصيانه | F6: المبلغ دينار | G6: المبلغ $ | H6: مسؤول الصيانه | I6: اضافة /هايدوليك لتر | J6: ملاحظات
A7: 1
A8: 2
A9: 3
A10: 4
A11: 5
A12: 6
A13: 7
A14: 8
A15: 9
A16: 10
A17: 11
A18: 12
... A34: 28
B35: المجموع الكلي | F35: =SUM(F7:F34) -> 0 | G35: =SUM(G7:G34) -> 0

Sheet رافعة شوكية  JCB 
A1: صيانة الاليات
A2: 87 | B2: رافعة الشوكيه JCB | E2: الموديل | F2: 2019 | H2: الموقع: | K2: رجوع الى جدول الاليات
B3: رقمها : | E3: المالك | F3: شركة القبس | H3: مسؤول الالية :
B5: الشهر | C5: 2025/31/07
A6: # | B6: اسم السائق / المسؤول | C6: رقم الوصل | D6: تاريخ | E6: تفاصيل الصيانه | F6: المبلغ دينار | G6: المبلغ $ | H6: مسؤول الصيانه | I6: اضافة /هايدوليك لتر | J6: ملاحظات
A7: 1 | C7: 4881 | D7: 45082 | E7: تحويل باسم الشركه | F7: 610000 | H7: علي غازي
A8: 2 | C8: 5792 | D8: 20/11/2023 | E8: صيانه | F8: 465000 | H8: علي غازي
A9: 3
A10: 4
A11: 5
A12: 6
A13: 7
A14: 8
A15: 9
A16: 10
A17: 11
A18: 12
A19: 13
A20: 14
... A27: 21
B28: المجموع الكلي | F28: =SUM(F7:F27) -> 1075000 | G28: =SUM(G7:G27) -> 0

Sheet رافعة 83708
A1: صيانة الاليات
A2: 88 | B2: رافعة شوكية كوماتسو | E2: الموديل | F2: 2002 | H2: الموقع: | K2: رجوع الى جدول الاليات
B3: رقمها : | C3: 83708 ك بغداد | E3: المالك | F3: شركة القبس | H3: مسؤول الالية :
B5: الشهر | C5: 2025/31/07
A6: # | B6: اسم السائق / المسؤول | C6: رقم الوصل | D6: تاريخ | E6: تفاصيل الصيانه | F6: المبلغ دينار | G6: المبلغ $ | H6: مسؤول الصيانه | I6: اضافة /هايدوليك لتر | J6: ملاحظات
A7: 1 | D7: 45580 | E7: صيانه+عمل كهربائي | F7: 329000 | H7: علي غازي
A8: 2 | C8: 7272 | D8: 45599 | E8: تخم فلاتر+بطاريه+تجفيت فريم اكسن | F8: 195000 | H8: علي غازي
A9: 3 | C9: 8062 | D9: 45739 | E9: اطار+بولبرن رافعه+عمل تورنجي | F9: 395000 | H9: علي غازي
A10: 4 | C10: 8806 | D10: 45791 | E10: كور كرانيت+كايد ونوزل+اجور عمل+اذان محرك+رايمر+بوش وبستم+كوجن بيم+واشر محرك+اجور عمل تجفيت+فلتر كاز و دهن | F10: 1747000 | H10: علي غازي
A11: 5 | C11: 8850 | D11: 45798 | E11: اجور عمل كهربائي | F11: 100000 | H11: علي غازي
A12: 6 | C12: 9087 | D12: 45836 | E12: بولبرن+جبنه+اجور عمل | F12: 85000 | H12: علي غازي
A13: 7 | C13: 9738 | D13: 45913 | E13: زوج اطارات | F13: 310000 | H13: علي غازي
A14: 8 | C14: 101 | D14: 18/10/2025 | E14: بطاريه كوري | F14: 210000 | H14: علي غازي
A15: 9 | C15: 519 | D15: 46004 | E15: تجفيت بم +تبديل كايدو ولفات+تعيار بم+تبديل طخم نوزلات | F15: 375000 | H15: علي غازي
A16: 10 | C16: 559 | D16: 46011 | E16: تجفيت محرك+قاعدة شوته | F16: 1061000 | H16: علي غازي
A17: 11 | C17: 1158 | D17: 18/3/2026 | E17: اجور عمل كهربائي | F17: 100000 | H17: علي غازي
A18: 12
A19: 13
A20: 14
A21: 15
A22: 16
A23: 17
A24: 18
A25: 19
A26: 20
A27: 21
A28: 22
A29: 23
... A36: 30
B37: المجموع الكلي | F37: =SUM(F7:F36) -> 4907000 | G37: =SUM(G7:G36) -> 0

Sheet رافعة 6765
A1: صيانة الاليات
A2: 89 | B2: رافعة ميتسوبيشى مع سلة هيدروليكية | E2: الموديل | F2: 2012 | H2: الموقع: | K2: رجوع الى جدول الاليات
B3: رقمها : | C3: 6765 أ بصرة | E3: المالك | F3: شركة القبس | H3: مسؤول الالية :
B5: الشهر | C5: 2025/31/07
A6: # | B6: اسم السائق / المسؤول | C6: رقم الوصل | D6: تاريخ | E6: تفاصيل الصيانه | F6: المبلغ دينار | G6: المبلغ $ | H6: مسؤول الصيانه | I6: اضافة /هايدوليك لتر | J6: ملاحظات
A7: 1 | C7: 4266 | D7: 45047 | E7: صيانة باسكت | F7: 70000 | H7: علي غازي
A8: 2 | B8: هيلان ابراهيم | D8: 45130 | E8: اجور كهربائي تصليح رافعة | F8: 1250000 | H8: هيلان ابراهيم
A9: 3 | C9: 5365 | D9: 45268 | E9: صيانه | F9: 180000 | H9: علي غازي
A10: 4 | C10: 5365 | D10: 45268 | E10: صيانه | F10: 450000 | G10: 780 | H10: علي غازي
A11: 5 | C11: 7272 | D11: 45599 | E11: عنبار+يده خارجيه+دهن بريك+اجور عمل | F11: 80000 | H11: علي غازي
A12: 6 | C12: 7272 | D12: 45599 | E12: لايت+تصليح ظفيره | F12: 85000 | H12: علي غازي
A13: 7 | C13: 7882 | D13: 45705 | E13: زجاجة باب | F13: 40000 | H13: علي غازي
A14: 8 | C14: 8152 | D14: 45760 | E14: زجاج باب ايسر | F14: 45000 | H14: علي غازي
A15: 9 | C15: 519 | D15: 46004 | E15: عينه+صينيه | F15: 110000 | H15: علي غازي
A16: 10
A17: 11
A18: 12
A19: 13
A20: 14
A21: 15
A22: 16
A23: 17
A24: 18
A25: 19
A26: 20
A27: 21
... A32: 26
B33: المجموع الكلي | F33: =SUM(F7:F32) -> 2310000 | G33: =SUM(G7:G32) -> 780

Sheet رافعة8490
A1: صيانة الاليات
A2: 90 | B2: رافعة شوكية | E2: الموديل | F2: 2007 | H2: الموقع: | K2: رجوع الى جدول الاليات
B3: رقمها : | C3: 8490 سليمانية | E3: المالك | F3: خالد علي | H3: مسؤول الالية :
B5: الشهر | C5: 2025/31/07
A6: # | B6: اسم السائق / المسؤول | C6: رقم الوصل | D6: تاريخ | E6: تفاصيل الصيانه | F6: المبلغ دينار | G6: المبلغ $ | H6: مسؤول الصيانه | I6: اضافة /هايدوليك لتر | J6: ملاحظات
A7: 1 | C7: 4984 | D7: 27/5/2023 | E7: صيانه | F7: 150000 | H7: علي غازي
A8: 2 | C8: 7272 | D8: 45599 | E8: اطارات | F8: 835000 | H8: علي غازي
A9: 3 | C9: 7272 | D9: 45599 | E9: بطاريه | F9: 130000 | H9: علي غازي
A10: 4 | C10: 7717 | D10: 45676 | E10: اطارات | F10: 450000 | H10: علي غازي
A11: 5 | C11: 8152 | D11: 45760 | E11: صونده عدد2+تجفيت جك رافعه+تبديل كافة العوازل+تصليح بستم مع بولش+اجور تورنه | F11: 440000 | H11: علي غازي
A12: 6 | C12: 8152 | D12: 45760 | E12: اجور عمل فيتر | F12: 200000 | H12: علي غازي
A13: 7 | C13: 8152 | D13: 45760 | E13: عمل رولات | F13: 350000 | H13: علي غازي
A14: 8 | C14: 9087 | D14: 45836 | E14: زوج اطارات | F14: 475000 | H14: علي غازي
A15: 9
A16: 10
A17: 11
A18: 12
A19: 13
A20: 14
A21: 15
A22: 16
A23: 17
A24: 18
A25: 19
A26: 20
... A36: 30
B37: المجموع الكلي | F37: =SUM(F7:F36) -> 3030000 | G37: =SUM(G7:G36) -> 0

Sheet حادلة  بدون رقم
A1: صيانة الاليات
A2: 91 | B2: حادلة بوماك | E2: الموديل | F2: 2012 | H2: الموقع: | K2: رجوع الى جدول الاليات
B3: رقمها : | C3: بدون تسجيل | E3: المالك | H3: مسؤول الالية :
B5: الشهر | C5: 2025/31/07
A6: # | B6: اسم السائق / المسؤول | C6: رقم الوصل | D6: تاريخ | E6: تفاصيل الصيانه | F6: المبلغ دينار | G6: المبلغ $ | H6: مسؤول الصيانه | I6: اضافة /هايدوليك لتر | J6: ملاحظات
A7: 1 | C7: 5488 | D7: 16/9/2023 | E7: صيانه | F7: 80000 | H7: علي غازي
A8: 2
A9: 3
A10: 4
A11: 5
A12: 6
A13: 7
A14: 8
A15: 9
A16: 10
A17: 11
A18: 12
A19: 13
... A35: 29
B36: المجموع الكلي | F36: =SUM(F7:F35) -> 80000 | G36: =SUM(G7:G35) -> 0

Sheet حادلة 57947
A1: صيانة الاليات
A2: 92 | B2: حادلة بوماك حديدية | E2: الموديل | F2: 2005 | H2: الموقع: | K2: رجوع الى جدول الاليات
B3: رقمها : | C3: 57947 ط بغداد | E3: المالك | F3: شركة القبس | H3: مسؤول الالية :
B5: الشهر | C5: 2025/31/07
A6: # | B6: اسم السائق / المسؤول | C6: رقم الوصل | D6: تاريخ | E6: تفاصيل الصيانه | F6: المبلغ دينار | G6: المبلغ $ | H6: مسؤول الصيانه | I6: اضافة /هايدوليك لتر | J6: ملاحظات
A7: 1 | B7: علي غازي | C7: 4266 | D7: 45047 | E7: صيانه | F7: 70000 | H7: علي غازي
A8: 2 | C8: قيد 122 | D8: 23/9/2023 | E8: صوندات + فلس | F8: 15000
A9: 3 | C9: 8062 | D9: 45739 | E9: مدكة كاز + فلتر دهن | F9: 55000 | H9: علي غازي
A10: 4 | C10: 8981 | D10: 45813 | E10: اطار | F10: 875000 | H10: علي غازي
A11: 5 | C11: 9087 | D11: 45836 | E11: نت ويل حادله عدد 10 | F11: 50000 | H11: علي غازي
A12: 6 | C12: 559 | D12: 46011 | E12: سلف | F12: 150000 | H12: علي غازي
A13: 7 | C13: 794 | D13: 17/1/2026 | E13: اجور عمل كهربائي | F13: 170000 | H13: علي غازي
A14: 8
A15: 9
A16: 10
A17: 11
A18: 12
A19: 13
A20: 14
A21: 15
A22: 16
A23: 17
A24: 18
A25: 19
... A31: 25
B32: المجموع الكلي | F32: =SUM(F7:F31) -> 1385000 | G32: =SUM(G7:G31) -> 0

Sheet حادلة 57942
A1: صيانة الاليات
A2: 93 | B2: حادلة بوماك 212 | E2: الموديل | F2: 2006 | H2: الموقع: | K2: رجوع الى جدول الاليات
B3: رقمها : | C3: 57942 ط بغداد | E3: المالك | F3: شركة القبس | H3: مسؤول الالية :
B5: الشهر | C5: 2025/31/07
A6: # | B6: اسم السائق / المسؤول | C6: رقم الوصل | D6: تاريخ | E6: تفاصيل الصيانه | F6: المبلغ دينار | G6: المبلغ $ | H6: مسؤول الصيانه | I6: اضافة /هايدوليك لتر | J6: ملاحظات
A7: 1 | B7: محمد عبدالله كردي | D7: 44929 | E7: تصليح سلف | F7: 40000 | H7: هيلان ابراهيم
A8: 2 | C8: 9738 | D8: 45913 | E8: فلتر دهن+كاز+فيتبم | F8: 1735000 | H8: علي غازي
A9: 3 | C9: 9920 | D9: 45931 | E9: تبديل بولبرنات+تصليح سلف+تبديل بوش+اجور عمل+تبديل بوش+شونة هواء+تبديل ولفات+بيرن+اوفراول | F9: 1322000 | H9: علي غازي
A10: 4 | C10: 101 | D10: 18/10/2025 | E10: كشن+قبغ راديتر+تجفيت+نوزلات+اجور عمل +عمل قمجي+صونده+راديتر نحاس +فلتر دهن +كبس صونده+بكن +بستم +محرك+رنك+بوش | F10: 2195000 | H10: علي غازي
A11: 5 | C11: 794 | D11: 17/1/2026 | E11: اجور عمل كهربائي | F11: 140000 | H11: علي غازي
A12: 6
A13: 7
A14: 8
A15: 9
A16: 10
A17: 11
A18: 12
A19: 13
A20: 14
A21: 15
A22: 16
A23: 17
... A30: 24
B31: المجموع الكلي | F31: =SUM(F7:F30) -> 5432000 | G31: =SUM(G7:G30) -> 0

Sheet حادلة 8621
A1: صيانة الاليات
A2: 94 | B2: حادلة بوماك 212 | E2: الموديل | F2: 2005 | H2: الموقع: | K2: رجوع الى جدول الاليات
B3: رقمها : | C3: 8621 أ بصرة | E3: المالك | F3: شركة القبس | H3: مسؤول الالية :
B5: الشهر | C5: 2025/31/07
A6: # | B6: اسم السائق / المسؤول | C6: رقم الوصل | D6: تاريخ | E6: تفاصيل الصيانه | F6: المبلغ دينار | G6: المبلغ $ | H6: مسؤول الصيانه | I6: اضافة /هايدوليك لتر | J6: ملاحظات
A7: 1
A8: 2
A9: 3
A10: 4
A11: 5
A12: 6
A13: 7
A14: 8
A15: 9
A16: 10
A17: 11
A18: 12
... A36: 30
B37: المجموع الكلي | F37: =SUM(F7:F36) -> 0 | G37: =SUM(G7:G36) -> 0

Sheet حادلة 2 طن 
A1: صيانة الاليات
A2: 1 | B2: حادلة 2 طن | E2: الموديل | H2: الموقع: | K2: رجوع الى جدول الاليات
B3: رقمها : | C3: 8641 | E3: المالك | F3: القبس | H3: مسؤول الالية :
B5: الشهر | C5: 2025/31/07
A6: # | B6: اسم السائق / المسؤول | C6: رقم الوصل | D6: تاريخ | E6: تفاصيل الصيانه | F6: المبلغ دينار | G6: المبلغ $ | H6: مسؤول الصيانه | I6: اضافة /هايدوليك لتر | J6: ملاحظات
A7: 1
A8: 3
A9: 4
A10: 5
A11: 6
A12: 7
A13: 6
A14: 9
A15: 10
A16: 11
A17: 12
A18: 13
... A35: 30
B36: المجموع الكلي | F36: =SUM(F7:F35) -> 0 | G36: =SUM(G7:G35) -> 0

Sheet دنبر 9579
A1: صيانة الاليات
A2: 96 | B2: دامبر قلاب | E2: الموديل | F2: 2006 | H2: الموقع: | K2: رجوع الى جدول الاليات
B3: رقمها : | C3: 9579 أ بصرة | E3: المالك | F3: شركة القبس | H3: مسؤول الالية :
B5: الشهر | C5: 2025/31/07
A6: # | B6: اسم السائق / المسؤول | C6: رقم الوصل | D6: تاريخ | E6: تفاصيل الصيانه | F6: المبلغ دينار | G6: المبلغ $ | H6: مسؤول الصيانه | I6: اضافة /هايدوليك لتر | J6: ملاحظات
A7: 1 | C7: 7348 | D7: 45619 | E7: بطاريه | G7: 55 | H7: علي غازي
A8: 2 | C8: 8806 | D8: 45791 | E8: بطاريه | F8: 130000 | H8: علي غازي
A9: 3 | C9: 303 | D9: 45977 | E9: واشرات+مواد تجفيت محرك+جراخه+نوزلات+واشر بم+فلتر هواء | F9: 1438000 | H9: علي غازي
A10: 4
A11: 5
A12: 6
A13: 7
A14: 8
A15: 9
A16: 10
A17: 11
A18: 12
A19: 13
A20: 14
A21: 15
... A36: 30
B37: المجموع الكلي | F37: =SUM(F7:F36) -> 1568000 | G37: =SUM(G7:G36) -> 55

Sheet دنبر 8620
A1: صيانة الاليات
A2: 97 | B2: دامبر قلاب | E2: الموديل | F2: 2002 | H2: الموقع: | K2: رجوع الى جدول الاليات
B3: رقمها : | C3: 8620 أ بصرة | E3: المالك | F3: شركة القبس | H3: مسؤول الالية :
B5: الشهر | C5: 2025/31/07
A6: # | B6: اسم السائق / المسؤول | C6: رقم الوصل | D6: تاريخ | E6: تفاصيل الصيانه | F6: المبلغ دينار | G6: المبلغ $ | H6: مسؤول الصيانه | I6: اضافة /هايدوليك لتر | J6: ملاحظات
A7: 1 | C7: 8806 | D7: 45791 | E7: يدة كير دمبر | F7: 300000 | H7: علي غازي
A8: 2 | C8: 303 | D8: 45977 | E8: تصليح سلف+واشر تامن كيس | F8: 180000 | H8: علي غازي
A9: 3
A10: 4
A11: 5
A12: 6
A13: 7
A14: 8
A15: 9
A16: 10
A17: 11
A18: 12
A19: 13
A20: 14
... A36: 30
B37: المجموع الكلي | F37: =SUM(F7:F36) -> 480000 | G37: =SUM(G7:G36) -> 0

Sheet دنبر 9470
A1: صيانة الاليات
A2: 98 | B2: دامبر قلاب | E2: الموديل | F2: 2002 | H2: الموقع: | K2: رجوع الى جدول الاليات
B3: رقمها : | C3: 9470 أ بصرة | E3: المالك | F3: شركة القبس | H3: مسؤول الالية :
B5: الشهر | C5: 2025/31/07
A6: # | B6: اسم السائق / المسؤول | C6: رقم الوصل | D6: تاريخ | E6: تفاصيل الصيانه | F6: المبلغ دينار | G6: المبلغ $ | H6: مسؤول الصيانه | I6: اضافة /هايدوليك لتر | J6: ملاحظات
A7: 1 | C7: 7348 | D7: 45619 | E7: بطاريه | G7: 55 | H7: علي غازي
A8: 2 | C8: 7882 | D8: 45705 | E8: بلك حماوه | F8: 35000 | H8: علي غازي
A9: 4
A10: 5
A11: 6
A12: 7
A13: 8
A14: 9
A15: 10
A16: 11
A17: 12
A18: 13
A19: 14
A20: 15
... A35: 30
B36: المجموع الكلي | F36: =SUM(F7:F35) -> 35000 | G36: =SUM(G7:G35) -> 55

Sheet دنبر 9239
A1: صيانة الاليات
A2: 99 | B2: دامبر قلاب | E2: الموديل | F2: 2002 | H2: الموقع: | K2: رجوع الى جدول الاليات
B3: رقمها : | C3: 9239 أ بصرة | E3: المالك | F3: شركة القبس | H3: مسؤول الالية :
B5: الشهر | C5: 2025/31/07
A6: # | B6: اسم السائق / المسؤول | C6: رقم الوصل | D6: تاريخ | E6: تفاصيل الصيانه | F6: المبلغ دينار | G6: المبلغ $ | H6: مسؤول الصيانه | I6: اضافة /هايدوليك لتر | J6: ملاحظات
A7: 1 | C7: 6633 | D7: 15/6/2024 | E7: تجفيت بم | F7: 280000 | H7: علي غازي
A8: 2 | C8: 7348 | D8: 45619 | E8: بطاريه | F8: 65000 | H8: علي غازي
A9: 3 | C9: 7882 | D9: 45705 | E9: اطارات+انبوب+بلك حماوه | F9: 464000 | H9: علي غازي
A10: 4 | C10: 303 | D10: 45977 | E10: اويل بم+رايمر+بوش+بوشة كامشفت | F10: 290000 | H10: علي غازي
A11: 5 | C11: 615 | D11: 46018 | E11: بطاريه | F11: 60000 | H11: علي غازي
A12: 6
A13: 7
A14: 8
A15: 9
A16: 10
A17: 11
A18: 12
A19: 13
A20: 14
A21: 15
A22: 16
A23: 17
... A35: 29
B36: المجموع الكلي | F36: =SUM(F7:F35) -> 1159000 | G36: =SUM(G7:G35) -> 0

Sheet تنكر
A1: صيانة الاليات
A2: 100 | B2: تانكر اكتروز | E2: الموديل | F2: - | H2: الموقع: | K2: رجوع الى جدول الاليات
B3: رقمها : | C3: بدون تسجيل | E3: المالك | H3: مسؤول الالية :
B5: الشهر | C5: 2025/31/07
A6: # | B6: اسم السائق / المسؤول | C6: رقم الوصل | D6: تاريخ | E6: تفاصيل الصيانه | F6: المبلغ دينار | G6: المبلغ $ | H6: مسؤول الصيانه | I6: اضافة /هايدوليك لتر | J6: ملاحظات
A7: 1 | C7: 7272 | D7: 45599 | E7: اطارات | F7: 535000 | H7: علي غازي
A8: 2
A9: 3 | J9: 38 لتر
A10: 4
A11: 5
A12: 6
A13: 7
A14: 8
A15: 9
A16: 10
A17: 11
A18: 12
A19: 13
A20: 14
A21: 15
... A36: 30
B37: المجموع الكلي | F37: =SUM(F7:F36) -> 535000 | G37: =SUM(G7:G36) -> 0

Sheet تنكر62587
A1: صيانة الاليات
A2: 101 | B2: تانكر دبل كابينة سكانيا/ ابيض | E2: الموديل | F2: 2004 | H2: الموقع: | K2: رجوع الى جدول الاليات
B3: رقمها : | C3: 11 H 62586 | E3: المالك | F3: شركة القبس | H3: مسؤول الالية :
B5: الشهر | C5: 2025/31/07
A6: # | B6: اسم السائق / المسؤول | C6: رقم الوصل | D6: تاريخ | E6: تفاصيل الصيانه | F6: المبلغ دينار | G6: المبلغ $ | H6: مسؤول الصيانه | I6: اضافة /هايدوليك لتر | J6: ملاحظات
A7: 1 | C7: قيد 53 | D7: 13/4/2023 | E7: تصليح | F7: 803000
A8: 2 | C8: قيد 97 | D8: 45023 | E8: صيانه | F8: 1621000
A9: 3 | C9: قيد 97 | D9: 45023 | E9: صيانه | F9: 233000
A10: 4 | C10: قيد 107 | D10: 13/8/2023 | E10: صيانه | F10: 1136000
A11: 5 | C11: 5396 | D11: 22/8/2023 | E11: صيانه | F11: 100000 | H11: علي غازي
A12: 6 | C12: 5426 | D12: 29/8/2023 | E12: صيانه | F12: 1570000 | H12: علي غازي
A13: 7 | C13: 5666 | D13: 22/10/2023 | E13: واتر بم | F13: 125000 | H13: علي غازي
A14: 8 | C14: 6488 | D14: 45601 | E14: صدر+كهربائيات+كماليات | F14: 840000 | H14: علي غازي
A15: 9 | C15: 1093 | D15: 46145 | E15: بطاريه 150 امبير عدد4 | F15: 640000 | H15: علي غازي
A16: 10 | C16: 1158 | D16: 18/3/2026 | E16: تصليح كهربائيات+اجور عمل | F16: 170000 | H16: علي غازي
A17: 11 | C17: 1281 | D17: 18/4/2026 | E17: مدكه رفع | F17: 65000 | H17: علي غازي
A18: 12
A19: 13
A20: 14
A21: 15
A22: 16
A23: 17
A24: 18
B25: المجموع الكلي | F25: =SUM(F7:F24) -> 7303000 | G25: =SUM(G7:G24) -> 0

Sheet تنكر58565
A1: صيانة الاليات
A2: 102 | B2: تانكر دبل كابينة سكانيا | E2: الموديل | F2: 1996 | H2: الموقع: | K2: رجوع الى جدول الاليات
B3: رقمها : | C3: 58565 ط بغداد | E3: المالك | F3: شركة القبس | H3: مسؤول الالية :
B5: الشهر | C5: 2025/31/07
A6: # | B6: اسم السائق / المسؤول | C6: رقم الوصل | D6: تاريخ | E6: تفاصيل الصيانه | F6: المبلغ دينار | G6: المبلغ $ | H6: مسؤول الصيانه | I6: اضافة /هايدوليك لتر | J6: ملاحظات
A7: 1 | C7: 5365 | D7: 45268 | E7: صيانه | F7: 125000 | G7: 3500 | H7: علي غازي
A8: 2 | C8: 5426 | D8: 29/8/2023 | E8: صيانه | F8: 145000 | H8: علي غازي
A9: 3 | C9: 5426 | D9: 29/8/2023 | E9: صيانه | F9: 450000 | H9: علي غازي
A10: 4 | C10: قيد 128 | D10: 45270 | E10: بنجر + 2 كصبه | F10: 25000
A11: 5 | C11: قيد 131 | D11: 22/10/2023 | E11: كصبة تاير | F11: 15000
A12: 6 | C12: قيد 144 | D12: 20/11/2023 | E12: تبديل تايرات و قصبه | F12: 25000
A13: 7 | C13: 6263 | D13: 45325 | E13: كايد بم كاز+ولف بم كاز+طخم واشرات فلسان+طخم واشر خلفي+ربل+اجور عمل | F13: 1100000 | H13: علي غازي
A14: 8 | C14: 6317 | D14: 23/3/2024 | E14: تخم ابر نوزل+جوين بوري+دهن محرك وفلاتر+اجور عمل+فيت بم+قايش+تخم جعوب+اجور عمل+دبل قماره امامي و خلفي+جوبلس قماره+لاستيك قماره+لبة جوزة تشغيل+شد كهربائي+تقوية سكليتر +قمجي+سمكري+دوشمجي+دبلات امامي+تخم رنك+تخم كازكيت+تخم واشر دكشن وكزوز+تخم كايد+اجور عمل+تاروسه+اجور عمل القماره+شوتة محرك | F14: 6850000 | H14: علي غازي
A15: 9 | C15: 6317 | D15: 23/3/2024 | E15: كهربائيات | F15: 325000 | H15: علي غازي
A16: 10 | C16: 6381 | D16: 13/4/2024 | E16: يدة لايت+جوزة بك+فيشة كير+هورن+عطر لايت+كاز+اجور عمل | F16: 460000 | H16: علي غازي
A17: 11 | C17: 6758 | D17: 14/7/2024 | E17: فلتر كير+قفيص فلتر و جوين+مضخة كاز+ماء مقطر | F17: 160000 | H17: علي غازي
A18: 12 | C18: 7717 | D18: 45676 | E18: صينيه+جراخه+كرين تنزيل و تصعيد+ربل كير خلفي+اجور عمل | F18: 470000 | H18: علي غازي
A19: 13
A20: 14
A21: 15
A22: 16
A23: 17
A24: 18
A25: 19
A26: 20
A27: 21
A28: 22
A29: 23
A30: 24
... A46: 40
B47: المجموع الكلي | F47: =SUM(F7:F46) -> 10150000 | G47: =SUM(G7:G46) -> 3500

Sheet مضخة12248
A1: صيانة الاليات
A2: 103 | B2: مضخة كونكريت - مرسيدس | E2: الموديل | F2: 1998 | H2: الموقع: | K2: رجوع الى جدول الاليات
B3: رقمها : | C3: بغداد 12248 | E3: المالك | F3: شركة القبس | H3: مسؤول الالية :
B5: الشهر | C5: 2025/31/07
A6: # | B6: اسم السائق / المسؤول | C6: رقم الوصل | D6: تاريخ | E6: تفاصيل الصيانه | F6: المبلغ دينار | G6: المبلغ $ | H6: مسؤول الصيانه | I6: اضافة /هايدوليك لتر | J6: ملاحظات
A7: 1 | B7: علي غازي | C7: 4266 | D7: 45047 | E7: عكس | F7: 75000 | G7: 300 | H7: علي غازي
A8: 2 | C8: قيد42 | D8: 45262 | E8: تصليح بم | F8: 600000
A9: 3 | C9: قيد42 | D9: 45262 | E9: تصليح بم | F9: 300000
A10: 4 | C10: قيد42 | D10: 28/2/2023 | E10: تصليح ريمونت | F10: 621000
A11: 5 | C11: 4742 | D11: 45203 | E11: بطارية جهاز ايلكا | G11: 250
A12: 6 | C12: 4765 | D12: 45050 | E12: فراك بريك | F12: 60000
A13: 7 | C13: 4765 | D13: 45050 | E13: صيانه | F13: 3277000
A14: 8 | C14: 4880 | D14: 45082 | E14: تبديل واشرات سرفه | F14: 110000 | H14: علي غازي
A15: 9 | C15: 4984 | D15: 27/5/2023 | E15: تجفيت جك | F15: 75000 | H15: علي غازي
A16: 10 | C16: 4984 | D16: 27/5/2023 | E16: كبان+صوندات الكبان+تقسيم وزبانه+صونده+مسدس تنظيف+اجور عمل | F16: 150000 | H16: علي غازي
A17: 11 | C17: 4984 | D17: 27/5/2023 | E17: عكس اورجنال سوبر عدد6+مضخة ماء+جبنة بوبت حوض عدد2 جميعها مواد احتياطيه للبم | G17: 1800 | H17: علي غازي
A18: 12 | C18: 4984 | D18: 27/5/2023 | E18: هورن اصلي مع شخاطه | F18: 190000 | H18: علي غازي
A19: 13 | C19: 4984 | D19: 27/5/2023 | E19: عمل بطل جك رجل بم امامي مع تجفيت البستم الرئيسي | F19: 725000 | H19: علي غازي
A20: 14 | C20: 9434 | D20: 45874 | E20: سيتولف+عنبار كلج+صوندات+عكس7 | F20: 735000 | H20: علي غازي
A21: 15 | C21: 9539 | D21: 45890 | E21: كتف بم+تصليح بكرة رجل | F21: 275000 | H21: علي غازي
A22: 16 | C22: 9539 | D22: 45890 | E22: رايمر سلندر و كرنك | F22: 1200000 | H22: علي غازي
A23: 17 | C23: 9738 | D23: 45913 | E23: بطارية ريمونت شونك | F23: 285000 | H23: علي غازي
A24: 18 | C24: 9920 | D24: 45931 | E24: جوزه+حاسبه+فبشه+كتف+اجور عمل+يدة عصا كير | F24: 295000 | H24: علي غازي
A25: 19 | C25: 519 | D25: 46004 | E25: كتف خماسي | F25: 80000 | H25: علي غازي
A26: 20 | C26: 668 | D26: 46082 | E26: كبس صونده | F26: 65000 | H26: علي غازي
A27: 21 | C27: 794 | D27: 17/1/2026 | E27: صونده 4 متر دبل فلنجه+صونده19+ووتر بم | F27: 955000 | H27: علي غازي
A28: 22 | C28: 1093 | D28: 46086 | E28: كهربائيات متنوعه | F28: 450000 | H28: علي غازي
A29: 23 | C29: 1093 | D29: 46086 | E29: لافته اصليه + بك كرستال | F29: 335000 | H29: علي غازي
A30: 24 | C30: 1158 | D30: 18/3/2026 | E30: كهربائيات متنوعه | F30: 290000 | H30: علي غازي
A31: 25 | C31: 1281 | D31: 18/4/2026 | E31: سلف +كتف + جوزه + كلبس+واشر فلنجه+اجور عمل كهربائي | F31: 875000 | H31: علي غازي
A32: 26 | C32: 1428 | D32: 18/5/2026 | E32: تجفيت جك بم رئيسي مع تبديل ولف صمام و جبن | F32: 600000 | H32: علي غازي
A33: 27
A34: 28
A35: 29
A36: 30
A37: 31
A38: 32
A39: 33
A40: 34
A41: 35
A42: 36
A43: 37
A44: 38
... A49: 43
B50: المجموع الكلي | F50: =SUM(F7:F49) -> 12623000 | G50: =SUM(G7:G49) -> 2350

Sheet مضخة 44915
A1: صيانة الاليات
A2: 104 | B2: مضخة كونكريت - مرسيدس | E2: الموديل | F2: 2007 | H2: الموقع: | K2: رجوع الى جدول الاليات
B3: رقمها : | C3: 44914 ن بغداد | E3: المالك | F3: شركة القبس | H3: مسؤول الالية :
B5: الشهر | C5: 2025/31/07
A6: # | B6: اسم السائق / المسؤول | C6: رقم الوصل | D6: تاريخ | E6: تفاصيل الصيانه | F6: المبلغ دينار | G6: المبلغ $ | H6: مسؤول الصيانه | I6: اضافة /هايدوليك لتر | J6: ملاحظات
A7: 1 | C7: 5122 | D7: 21/6/2023 | E7: اطارات | G7: 645 | H7: علي غازي
A8: 2 | C8: 5122 | D8: 21/6/2023 | E8: زيت و فلتر | F8: 105000 | H8: علي غازي
A9: 3 | C9: 5166 | D9: 44992 | E9: بولبرن | F9: 375000 | H9: علي غازي
A10: 4 | C10: قيد 97 | D10: 45023 | E10: دوشمة | F10: 150000
A11: 5 | C11: 5365 | D11: 45268 | E11: صيانه | G11: 780 | H11: علي غازي
A12: 6 | C12: قيد 122 | D12: 23/9/2023 | E12: غسل | F12: 35000
A13: 7 | C13: 5596 | D13: 45117 | E13: شوته مربعه | F13: 143250 | H13: علي غازي
A14: 8 | C14: 5596 | D14: 45117 | E14: اطارات | F14: 370000 | H14: علي غازي
A15: 9 | C15: 5596 | D15: 45117 | E15: جك رفع | F15: 155000 | H15: علي غازي
A16: 10 | C16: 5922 | D16: 20/12/2023 | E16: اسيمكو اسباني | F16: 450000 | H16: علي غازي
A17: 11 | C17: 7717 | D17: 45676 | E17: لاستيك بوابه | F17: 125000 | H17: علي غازي
A18: 12 | C18: 8062 | D18: 45739 | E18: فلاتر+دهن+توصاله قصيره | F18: 283000 | H18: علي غازي
A19: 13 | C19: 8062 | D19: 45739 | E19: اطارات | F19: 550000 | H19: علي غازي
A20: 14 | C20: 8806 | D20: 45791 | E20: دهن20لتر+فلاتر دهن وكاز | F20: 278000 | H20: علي غازي
A21: 15 | C21: 8806 | D21: 45791 | E21: تصليح ريمونت كونترول بم كونكريت | F21: 750000 | H21: علي غازي
A22: 16 | C22: 8850 | D22: 45798 | E22: مواد كهربائيه + اجور عمل | F22: 377000 | H22: علي غازي
A23: 17 | C23: 8850 | D23: 45798 | E23: اجور عمل كهربائي | F23: 350000 | H23: علي غازي
A24: 18 | C24: 9539 | D24: 45890 | E24: واير | F24: 25000 | H24: علي غازي
A25: 19 | C25: 101 | D25: 18/10/2025 | E25: هيدروليك بم +صونده +عكس زاويه | F25: 1259000 | H25: علي غازي
A26: 20 | C26: 303 | D26: 45977 | E26: اجور عمل تجفيت جك+هيدروليك | F26: 1155000 | H26: علي غازي
A27: 21 | C27: 668 | D27: 46082 | E27: دهن20لتر+فلاتر دهن وكاز | F27: 281000 | H27: علي غازي
A28: 22 | C28: 1428 | D28: 18/5/2026 | E28: جادر+صوندة بم4متر | F28: 595000 | H28: علي غازي
A29: 23
B30: المجموع الكلي | F30: =SUM(F7:F29) -> 7811250 | G30: =SUM(G7:G29) -> 1425

Sheet رافعة 8321
A1: صيانة الاليات
A2: 105 | B2: رافعة تويوتا مع سلة هيدروليكية | E2: الموديل | F2: 2011 | H2: الموقع: | I2: اسد بابل | K2: رجوع الى جدول الاليات
B3: رقمها : | C3: 8321 أ بصرة | E3: المالك | F3: شركة القبس | H3: مسؤول الالية :
B5: الشهر | C5: 2025/31/07
A6: # | B6: اسم السائق / المسؤول | C6: رقم الوصل | D6: تاريخ | E6: تفاصيل الصيانه | F6: المبلغ دينار | G6: المبلغ $ | H6: مسؤول الصيانه | I6: اضافة /هايدوليك لتر | J6: ملاحظات
A7: 1 | C7: 7348 | D7: 45619 | E7: تخم كلج عينه+صينيه | F7: 145000 | H7: علي غازي
A8: 2 | C8: 7348 | D8: 45619 | E8: كهربائيات+لايت+عمل وايد كامل+مرايه جانبيه+تصفير فلاوين+اجور عمل فيتر+كراجيه | F8: 480000 | H8: علي غازي
A9: 3 | C9: 7882 | D9: 45705 | E9: زوج اطارات+4ويلات | F9: 800000 | H9: علي غازي
A10: 4 | C10: 9087 | D10: 45836 | E10: زوج اطارات+2ويل+جامة باب | F10: 445000 | H10: علي غازي
A11: 5
A12: 6
A13: 7
A14: 8
A15: 9
A16: 10
A17: 11
A18: 12
A19: 13
A20: 14
A21: 15
A22: 16
... A36: 30
B37: المجموع الكلي | F37: =SUM(F7:F36) -> 1870000 | G37: =SUM(G7:G36) -> 0

Sheet بكب 98670
A1: صيانة الاليات
A2: 106 | B2: بكب تويوتا دبل كابينة | E2: الموديل | F2: 2012 | H2: الموقع: | I2: اسد بابل | K2: رجوع الى جدول الاليات
B3: رقمها : | C3: 98669 و بغداد | E3: المالك | F3: شركة القبس | H3: مسؤول الالية :
B5: الشهر | C5: 2025/31/07
A6: # | B6: اسم السائق / المسؤول | C6: رقم الوصل | D6: تاريخ | E6: تفاصيل الصيانه | F6: المبلغ دينار | G6: المبلغ $ | H6: مسؤول الصيانه | I6: اضافة /هايدوليك لتر | J6: ملاحظات
A7: 1
A8: 2
A9: 3
A10: 4
A11: 5
A12: 6
A13: 7
A14: 8
A15: 9
A16: 10
A17: 11
A18: 12
... A36: 30
B37: المجموع الكلي | F37: =SUM(F7:F36) -> 0 | G37: =SUM(G7:G36) -> 0

Sheet بكب قمارة 65793
A1: صيانة الاليات
A2: 107 | B2: بكب كيا قمارة | E2: الموديل | F2: 2019 | H2: الموقع: | I2: اسد بابل | K2: رجوع الى جدول الاليات
B3: رقمها : | C3: 65793 ط بغداد | E3: المالك | F3: شركة القبس | H3: مسؤول الالية :
B5: الشهر | C5: 2025/31/07
A6: # | B6: اسم السائق / المسؤول | C6: رقم الوصل | D6: تاريخ | E6: تفاصيل الصيانه | F6: المبلغ دينار | G6: المبلغ $ | H6: مسؤول الصيانه | I6: اضافة /هايدوليك لتر | J6: ملاحظات
A7: 1
A8: 2
A9: 3
A10: 4
A11: 5
A12: 6
A13: 7
A14: 8
A15: 9
A16: 10
A17: 11
A18: 12
... A34: 28
B35: المجموع الكلي | F35: =SUM(F7:F34) -> 0 | G35: =SUM(G7:G34) -> 0

Sheet حافلة 41695
A1: صيانة الاليات
A2: 108 | B2: حافلة | E2: الموديل | F2: 2010 | H2: الموقع: | I2: اسد بابل | K2: رجوع الى جدول الاليات
B3: رقمها : | C3: 41695 أربيل | E3: المالك | F3: علي غازي | H3: مسؤول الالية :
B5: الشهر | C5: 2025/31/07
A6: # | B6: اسم السائق / المسؤول | C6: رقم الوصل | D6: تاريخ | E6: تفاصيل الصيانه | F6: المبلغ دينار | G6: المبلغ $ | H6: مسؤول الصيانه | I6: اضافة /هايدوليك لتر | J6: ملاحظات
A7: 1
A8: 2
A9: 3
A10: 4
A11: 5
A12: 6
A13: 7
A14: 8
A15: 9
A16: 10
A17: 11
A18: 12
... A36: 30
B37: المجموع الكلي | F37: =SUM(F7:F36) -> 0 | G37: =SUM(G7:G36) -> 0

Sheet حافلة 26579
A1: صيانة الاليات
A2: 109 | B2: حافلة هونداي 41 راكب | E2: الموديل | F2: 2001 | H2: الموقع: | K2: رجوع الى جدول الاليات
B3: رقمها : | C3: 26579 أ ديالى | E3: المالك | F3: شركة القبس | H3: مسؤول الالية :
B5: الشهر | C5: 2025/31/07
A6: # | B6: اسم السائق / المسؤول | C6: رقم الوصل | D6: تاريخ | E6: تفاصيل الصيانه | F6: المبلغ دينار | G6: المبلغ $ | H6: مسؤول الصيانه | I6: اضافة /هايدوليك لتر | J6: ملاحظات
A7: 1
A8: 2
A9: 3
A10: 4
A11: 5
A12: 6
A13: 7
A14: 8
A15: 9
A16: 10
A17: 11
A18: 12
... A36: 30
B37: المجموع الكلي | F37: =SUM(F7:F36) -> 0 | G37: =SUM(G7:G36) -> 0

Sheet قلاب 45750
A1: صيانة الاليات
A2: 110 | B2: قلاب سكانيا | E2: الموديل | F2: 1992 | H2: الموقع: | K2: رجوع الى جدول الاليات
B3: رقمها : | C3: 45750 فحص كركوك | E3: المالك | F3: عبدالحسين محمود احمد | H3: مسؤول الالية :
B5: الشهر | C5: 2025/31/07
A6: # | B6: اسم السائق / المسؤول | C6: رقم الوصل | D6: تاريخ | E6: تفاصيل الصيانه | F6: المبلغ دينار | G6: المبلغ $ | H6: مسؤول الصيانه | I6: اضافة /هايدوليك لتر | J6: ملاحظات
A7: 1 | B7: نوع الاليه | C7: رقمها | D7: الموديل | E7: المالك | F7: صلاحية السنوية | G7: اسم السائق | H7: تاريخ | J7: تفاصيل الصيانه | K7: المبلغ دينار
A8: 1
A9: 2
A10: 3
A11: 4
A12: 5
A13: 6
A14: 7
A15: 8
A16: 9
A17: 10
A18: 11
A19: 12
... A36: 29
B37: المجموع الكلي | F37: =SUM(F7:F36) -> 0 | G37: =SUM(G7:G36) -> 0

Sheet ماكنة طرق51679 
A1: صيانة الاليات
A2: 111 | B2: ماكنة طرق | E2: الموديل | F2: 2011 | H2: الموقع: | K2: رجوع الى جدول الاليات
B3: رقمها : | C3: 11 T 51679 | E3: المالك | F3: شركة تقنيات التربة | H3: مسؤول الالية :
B5: الشهر | C5: 2025/31/07
A6: # | B6: اسم السائق / المسؤول | C6: رقم الوصل | D6: تاريخ | E6: تفاصيل الصيانه | F6: المبلغ دينار | G6: المبلغ $ | H6: مسؤول الصيانه | I6: اضافة /هايدوليك لتر | J6: ملاحظات
A7: 1
A8: 2
A9: 3
A10: 4
A11: 5
A12: 6
A13: 7
A14: 8
A15: 9
A16: 10
A17: 11
A18: 12
... A33: 27
B34: المجموع الكلي | F34: =SUM(F7:F33) -> 0 | G34: =SUM(G7:G33) -> 0

Sheet كيا 39419
A1: صيانة الاليات
A2: 1 | B2: بكب كيا/ دبل كابينه | E2: الموديل | F2: 2009 | H2: الموقع: | K2: رجوع الى جدول الاليات
B3: رقمها : | C3: بغداد 39419 | E3: المالك | F3: شركة القبس | H3: مسؤول الالية :
B5: الشهر | C5: 2025/31/07
